date,revenue,promo
2022-01-01,1039.45,0
2022-01-02,992.61,0
2022-01-03,864.78,0
2022-01-04,798.95,0
2022-01-05,739.98,0
2022-01-06,1130.81,1
2022-01-07,844.69,0
2022-01-08,1019.87,0
2022-01-09,1027.87,0
2022-01-10,783.52,0
2022-01-11,748.45,0
2022-01-12,1017.41,1
2022-01-13,712.28,0
2022-01-14,819.75,0
2022-01-15,1072.16,0
2022-01-16,960.08,0
2022-01-17,644.62,0
2022-01-18,743.87,0
2022-01-19,881.47,0
2022-01-20,781.57,0
2022-01-21,842.87,0
2022-01-22,906.8,0
2022-01-23,1496.54,1
2022-01-24,821.34,0
2022-01-25,849.24,0
2022-01-26,970.98,0
2022-01-27,926.71,0
2022-01-28,822.53,0
2022-01-29,980.92,0
2022-01-30,1002.92,0
2022-01-31,879.56,0
2022-02-01,1262.66,1
2022-02-02,831.62,0
2022-02-03,946.53,0
2022-02-04,854.62,0
2022-02-05,1212.84,0
2022-02-06,1054.56,0
2022-02-07,980.04,0
2022-02-08,896.36,0
2022-02-09,937.01,0
2022-02-10,836.53,0
2022-02-11,831.79,0
2022-02-12,1102.51,0
2022-02-13,1145.81,0
2022-02-14,897.72,0
2022-02-15,899.75,0
2022-02-16,816.49,0
2022-02-17,815.55,0
2022-02-18,797.19,0
2022-02-19,1101.87,0
2022-02-20,1183.66,0
2022-02-21,920.17,0
2022-02-22,778.51,0
2022-02-23,916.3,0
2022-02-24,921.95,0
2022-02-25,1073.88,0
2022-02-26,1006.13,0
2022-02-27,1093.62,0
2022-02-28,1061.58,0
2022-03-01,1075.18,0
2022-03-02,994.08,0
2022-03-03,968.12,0
2022-03-04,986.75,0
2022-03-05,1211.08,0
2022-03-06,1087.35,0
2022-03-07,1036.81,0
2022-03-08,886.63,0
2022-03-09,1007.7,0
2022-03-10,1001.6,0
2022-03-11,950.54,0
2022-03-12,1175.71,0
2022-03-13,1130.27,0
2022-03-14,930.51,0
2022-03-15,1072.95,0
2022-03-16,936.01,0
2022-03-17,1041.64,0
2022-03-18,940.51,0
2022-03-19,1267.24,0
2022-03-20,1111.14,0
2022-03-21,994.5,0
2022-03-22,994.32,0
2022-03-23,1140.86,0
2022-03-24,1072.48,0
2022-03-25,1036.88,0
2022-03-26,1279.87,0
2022-03-27,1057.88,0
2022-03-28,1061.91,0
2022-03-29,1218.85,0
2022-03-30,1083.47,0
2022-03-31,1082.83,0
2022-04-01,1216.85,0
2022-04-02,1345.41,0
2022-04-03,1092.59,0
2022-04-04,965.45,0
2022-04-05,1114.61,0
2022-04-06,1047.37,0
2022-04-07,1208.26,0
2022-04-08,1086.18,0
2022-04-09,1119.4,0
2022-04-10,1597.69,1
2022-04-11,1223.98,1
2022-04-12,1108.27,0
2022-04-13,1115.78,0
2022-04-14,1486.23,1
2022-04-15,1321.3,0
2022-04-16,1433.34,0
2022-04-17,1310.43,0
2022-04-18,978.21,0
2022-04-19,1203.71,0
2022-04-20,1623.53,1
2022-04-21,1186.49,0
2022-04-22,1245.07,0
2022-04-23,1238.72,0
2022-04-24,1542.46,0
2022-04-25,1096.93,0
2022-04-26,1241.31,0
2022-04-27,1043.24,0
2022-04-28,1109.18,0
2022-04-29,1316.17,0
2022-04-30,1348.19,0
2022-05-01,1552.85,0
2022-05-02,1219.83,0
2022-05-03,1194.36,0
2022-05-04,1321.59,0
2022-05-05,1189.56,0
2022-05-06,1061.56,0
2022-05-07,1317.34,0
2022-05-08,1452.83,0
2022-05-09,1255.68,0
2022-05-10,1090.44,0
2022-05-11,1165.44,0
2022-05-12,1593.57,1
2022-05-13,1201.77,0
2022-05-14,1279.68,0
2022-05-15,1442.39,0
2022-05-16,1178.08,0
2022-05-17,1770.06,1
2022-05-18,1317.1,0
2022-05-19,1236.23,0
2022-05-20,1217.06,0
2022-05-21,1447.8,0
2022-05-22,1353.98,0
2022-05-23,1562.36,1
2022-05-24,1177.55,0
2022-05-25,1206.54,0
2022-05-26,1161.72,0
2022-05-27,1281.11,0
2022-05-28,1522.69,0
2022-05-29,1289.44,0
2022-05-30,1274.67,0
2022-05-31,1254.59,0
2022-06-01,1398.57,0
2022-06-02,1276.42,0
2022-06-03,1149.01,0
2022-06-04,1331.62,0
2022-06-05,1465.17,0
2022-06-06,1376.0,0
2022-06-07,1085.75,0
2022-06-08,1317.31,0
2022-06-09,1394.6,0
2022-06-10,1274.74,0
2022-06-11,2060.42,1
2022-06-12,1398.28,0
2022-06-13,1280.82,0
2022-06-14,1145.85,0
2022-06-15,1156.32,0
2022-06-16,1379.5,0
2022-06-17,1205.52,0
2022-06-18,1428.38,0
2022-06-19,1799.21,1
2022-06-20,1168.54,0
2022-06-21,1281.15,0
2022-06-22,1231.05,0
2022-06-23,1798.13,1
2022-06-24,1338.97,0
2022-06-25,1511.23,0
2022-06-26,1502.84,0
2022-06-27,1946.12,1
2022-06-28,1201.16,0
2022-06-29,1293.11,0
2022-06-30,1400.86,0
2022-07-01,1510.58,0
2022-07-02,1330.43,0
2022-07-03,1444.83,0
2022-07-04,1420.01,0
2022-07-05,1342.37,0
2022-07-06,1313.45,0
2022-07-07,1275.41,0
2022-07-08,1259.72,0
2022-07-09,1503.51,0
2022-07-10,1953.42,1
2022-07-11,1288.31,0
2022-07-12,1298.37,0
2022-07-13,1229.06,0
2022-07-14,1337.31,0
2022-07-15,1659.36,0
2022-07-16,1284.58,0
2022-07-17,1499.12,0
2022-07-18,1216.26,0
2022-07-19,1335.17,0
2022-07-20,1286.11,0
2022-07-21,1820.87,1
2022-07-22,1384.26,0
2022-07-23,1477.11,0
2022-07-24,1571.25,0
2022-07-25,1065.13,0
2022-07-26,1414.2,0
2022-07-27,1304.13,0
2022-07-28,1364.7,0
2022-07-29,1158.9,0
2022-07-30,1361.15,0
2022-07-31,1457.97,0
2022-08-01,1349.6,0
2022-08-02,1284.1,0
2022-08-03,1352.47,0
2022-08-04,1099.82,0
2022-08-05,1338.07,0
2022-08-06,1431.26,0
2022-08-07,1900.48,1
2022-08-08,1117.5,0
2022-08-09,1287.2,0
2022-08-10,1031.27,0
2022-08-11,1294.73,0
2022-08-12,1494.33,1
2022-08-13,1418.75,0
2022-08-14,1888.78,1
2022-08-15,1426.16,0
2022-08-16,1210.25,0
2022-08-17,1163.46,0
2022-08-18,1176.87,0
2022-08-19,1325.84,0
2022-08-20,1446.92,0
2022-08-21,1828.11,1
2022-08-22,1188.85,0
2022-08-23,1449.44,1
2022-08-24,1235.74,0
2022-08-25,1052.24,0
2022-08-26,1260.08,0
2022-08-27,1386.44,0
2022-08-28,1600.11,0
2022-08-29,1096.48,0
2022-08-30,1176.36,0
2022-08-31,1330.53,0
2022-09-01,1374.44,0
2022-09-02,1118.2,0
2022-09-03,1373.51,0
2022-09-04,1349.31,0
2022-09-05,1188.93,0
2022-09-06,1105.83,0
2022-09-07,1152.21,0
2022-09-08,1026.87,0
2022-09-09,1163.84,0
2022-09-10,1371.55,0
2022-09-11,1305.26,0
2022-09-12,1013.85,0
2022-09-13,1218.64,0
2022-09-14,1165.45,0
2022-09-15,1160.97,0
2022-09-16,1107.62,0
2022-09-17,1169.24,0
2022-09-18,1209.61,0
2022-09-19,1077.66,0
2022-09-20,1212.49,0
2022-09-21,1063.32,0
2022-09-22,1565.39,1
2022-09-23,1064.79,0
2022-09-24,1305.43,0
2022-09-25,1267.17,0
2022-09-26,1163.53,0
2022-09-27,1052.29,0
2022-09-28,969.94,0
2022-09-29,981.51,0
2022-09-30,1043.01,0
2022-10-01,1232.03,0
2022-10-02,1292.91,0
2022-10-03,1038.57,0
2022-10-04,1248.27,0
2022-10-05,937.33,0
2022-10-06,1079.11,0
2022-10-07,977.01,0
2022-10-08,1194.87,0
2022-10-09,1246.7,0
2022-10-10,880.22,0
2022-10-11,1065.64,0
2022-10-12,1184.42,0
2022-10-13,1009.07,0
2022-10-14,1058.03,0
2022-10-15,1399.85,0
2022-10-16,1199.25,0
2022-10-17,988.34,0
2022-10-18,863.67,0
2022-10-19,1070.42,0
2022-10-20,1368.24,1
2022-10-21,946.57,0
2022-10-22,1206.61,0
2022-10-23,1545.09,1
2022-10-24,1313.79,1
2022-10-25,1050.66,0
2022-10-26,911.07,0
2022-10-27,1076.15,0
2022-10-28,902.24,0
2022-10-29,1122.94,0
2022-10-30,1333.27,0
2022-10-31,1070.99,0
2022-11-01,1440.03,0
2022-11-02,1249.83,0
2022-11-03,1286.12,0
2022-11-04,1340.18,0
2022-11-05,1515.09,0
2022-11-06,1499.36,0
2022-11-07,1323.97,0
2022-11-08,1304.88,0
2022-11-09,1189.22,0
2022-11-10,1273.01,0
2022-11-11,1403.27,0
2022-11-12,1353.58,0
2022-11-13,1475.3,0
2022-11-14,1238.0,0
2022-11-15,1412.58,0
2022-11-16,1720.37,1
2022-11-17,1948.98,1
2022-11-18,1353.17,0
2022-11-19,1348.94,0
2022-11-20,1553.61,0
2022-11-21,1231.87,0
2022-11-22,1248.62,0
2022-11-23,1328.46,0
2022-11-24,1253.98,0
2022-11-25,1378.63,0
2022-11-26,1396.39,0
2022-11-27,1411.48,0
2022-11-28,1234.96,0
2022-11-29,1242.3,0
2022-11-30,1392.12,0
2022-12-01,1442.7,0
2022-12-02,1445.69,0
2022-12-03,1703.89,0
2022-12-04,1363.82,0
2022-12-05,1295.68,0
2022-12-06,1596.68,1
2022-12-07,1218.29,0
2022-12-08,1662.2,1
2022-12-09,1192.49,0
2022-12-10,1359.5,0
2022-12-11,1452.57,0
2022-12-12,1177.66,0
2022-12-13,1840.25,1
2022-12-14,1204.6,0
2022-12-15,1648.28,0
2022-12-16,1246.87,0
2022-12-17,1475.18,0
2022-12-18,1334.96,0
2022-12-19,1442.3,0
2022-12-20,1389.85,0
2022-12-21,1316.13,0
2022-12-22,1168.28,0
2022-12-23,1309.54,0
2022-12-24,1355.7,0
2022-12-25,1622.61,0
2022-12-26,1365.97,0
2022-12-27,1758.06,1
2022-12-28,1073.78,0
2022-12-29,1206.38,0
2022-12-30,1359.06,0
2022-12-31,1603.24,0
2023-01-01,1313.82,0
2023-01-02,844.53,0
2023-01-03,971.88,0
2023-01-04,1020.95,0
2023-01-05,843.84,0
2023-01-06,955.66,0
2023-01-07,1159.59,0
2023-01-08,1115.44,0
2023-01-09,836.53,0
2023-01-10,940.97,0
2023-01-11,942.65,0
2023-01-12,1291.46,1
2023-01-13,930.41,0
2023-01-14,1114.95,0
2023-01-15,1239.25,0
2023-01-16,1005.03,0
2023-01-17,1290.88,1
2023-01-18,951.2,0
2023-01-19,987.93,0
2023-01-20,851.65,0
2023-01-21,1627.18,1
2023-01-22,1168.8,0
2023-01-23,1342.07,1
2023-01-24,1060.8,0
2023-01-25,860.36,0
2023-01-26,861.21,0
2023-01-27,1021.23,0
2023-01-28,1184.23,0
2023-01-29,1201.81,0
2023-01-30,977.87,0
2023-01-31,1060.63,0
2023-02-01,1178.73,0
2023-02-02,1054.07,0
2023-02-03,1003.95,0
2023-02-04,1027.86,0
2023-02-05,1274.03,0
2023-02-06,1512.57,1
2023-02-07,1082.14,0
2023-02-08,974.77,0
2023-02-09,1473.17,1
2023-02-10,1108.46,0
2023-02-11,1363.01,0
2023-02-12,1156.81,0
2023-02-13,1039.16,0
2023-02-14,1505.07,1
2023-02-15,1157.67,0
2023-02-16,983.23,0
2023-02-17,1101.38,0
2023-02-18,1304.81,0
2023-02-19,1265.48,0
2023-02-20,1098.12,0
2023-02-21,1065.63,0
2023-02-22,1201.8,0
2023-02-23,1024.04,0
2023-02-24,1419.84,1
2023-02-25,1281.71,0
2023-02-26,1363.7,0
2023-02-27,992.41,0
2023-02-28,1010.54,0
2023-03-01,1034.48,0
2023-03-02,1123.18,0
2023-03-03,1036.62,0
2023-03-04,1273.5,0
2023-03-05,1373.59,0
2023-03-06,1085.85,0
2023-03-07,1565.33,1
2023-03-08,1121.16,0
2023-03-09,1203.38,0
2023-03-10,1191.83,0
2023-03-11,1272.85,0
2023-03-12,1325.98,0
2023-03-13,1251.21,0
2023-03-14,1202.45,0
2023-03-15,1140.79,0
2023-03-16,1232.74,0
2023-03-17,1093.07,0
2023-03-18,1502.27,0
2023-03-19,1469.64,0
2023-03-20,1219.83,0
2023-03-21,1213.01,0
2023-03-22,1186.42,0
2023-03-23,1708.64,1
2023-03-24,1181.03,0
2023-03-25,1419.76,0
2023-03-26,1486.46,0
2023-03-27,1176.99,0
2023-03-28,1176.35,0
2023-03-29,1130.45,0
2023-03-30,1145.54,0
2023-03-31,1083.0,0
2023-04-01,1593.59,0
2023-04-02,2175.39,1
2023-04-03,1379.6,0
2023-04-04,1115.31,0
2023-04-05,1326.76,0
2023-04-06,1392.9,0
2023-04-07,1230.24,0
2023-04-08,1978.11,1
2023-04-09,1253.92,0
2023-04-10,1306.96,0
2023-04-11,1191.19,0
2023-04-12,1309.03,0
2023-04-13,1557.12,1
2023-04-14,1348.23,0
2023-04-15,1685.57,0
2023-04-16,1405.15,0
2023-04-17,1206.2,0
2023-04-18,1115.96,0
2023-04-19,1293.52,0
2023-04-20,1268.05,0
2023-04-21,1181.67,0
2023-04-22,1557.14,0
2023-04-23,1465.28,0
2023-04-24,1235.92,0
2023-04-25,1288.12,0
2023-04-26,1444.47,0
2023-04-27,1404.07,0
2023-04-28,1338.39,0
2023-04-29,1600.61,0
2023-04-30,1412.57,0
2023-05-01,1454.16,0
2023-05-02,1378.25,0
2023-05-03,1322.47,0
2023-05-04,1412.45,0
2023-05-05,1298.79,0
2023-05-06,1612.55,0
2023-05-07,1620.33,0
2023-05-08,1100.68,0
2023-05-09,1501.59,0
2023-05-10,1092.71,0
2023-05-11,1331.91,0
2023-05-12,1494.89,0
2023-05-13,1542.54,0
2023-05-14,1418.12,0
2023-05-15,1378.7,0
2023-05-16,1506.68,0
2023-05-17,1218.81,0
2023-05-18,2055.03,1
2023-05-19,1407.78,0
2023-05-20,1462.46,0
2023-05-21,1532.78,0
2023-05-22,1319.18,0
2023-05-23,1508.83,0
2023-05-24,1497.81,0
2023-05-25,1255.18,0
2023-05-26,1388.6,0
2023-05-27,1513.65,0
2023-05-28,1758.99,0
2023-05-29,1299.24,0
2023-05-30,1598.01,0
2023-05-31,1435.1,0
2023-06-01,1405.71,0
2023-06-02,1373.47,0
2023-06-03,1532.32,0
2023-06-04,1479.96,0
2023-06-05,1456.01,0
2023-06-06,1323.37,0
2023-06-07,1227.98,0
2023-06-08,1411.88,0
2023-06-09,1268.45,0
2023-06-10,1546.83,0
2023-06-11,2065.37,1
2023-06-12,1844.34,1
2023-06-13,1659.78,0
2023-06-14,1462.51,0
2023-06-15,1574.16,0
2023-06-16,1277.0,0
2023-06-17,1564.01,0
2023-06-18,1664.39,0
2023-06-19,1355.52,0
2023-06-20,1553.6,0
2023-06-21,1338.17,0
2023-06-22,1432.26,0
2023-06-23,1401.89,0
2023-06-24,1661.0,0
2023-06-25,2117.68,1
2023-06-26,1434.67,0
2023-06-27,1438.27,0
2023-06-28,1872.79,1
2023-06-29,1512.0,0
2023-06-30,1486.6,0
2023-07-01,1721.25,0
2023-07-02,1592.25,0
2023-07-03,1542.86,0
2023-07-04,1436.86,0
2023-07-05,1429.16,0
2023-07-06,1470.69,0
2023-07-07,1632.72,0
2023-07-08,2004.74,1
2023-07-09,1726.3,0
2023-07-10,1264.14,0
2023-07-11,1478.57,0
2023-07-12,1616.0,0
2023-07-13,1504.31,0
2023-07-14,1470.9,0
2023-07-15,1654.88,0
2023-07-16,1634.86,0
2023-07-17,1424.53,0
2023-07-18,1369.15,0
2023-07-19,1418.18,0
2023-07-20,1466.26,0
2023-07-21,1367.16,0
2023-07-22,1531.65,0
2023-07-23,1467.31,0
2023-07-24,1479.52,0
2023-07-25,1493.39,0
2023-07-26,1460.08,0
2023-07-27,1531.97,0
2023-07-28,1442.03,0
2023-07-29,1655.57,0
2023-07-30,1643.67,0
2023-07-31,1914.74,1
2023-08-01,1459.15,0
2023-08-02,1644.02,0
2023-08-03,1376.33,0
2023-08-04,1352.99,0
2023-08-05,1645.45,0
2023-08-06,1622.79,0
2023-08-07,1273.5,0
2023-08-08,2053.16,1
2023-08-09,1398.38,0
2023-08-10,1295.96,0
2023-08-11,1519.5,0
2023-08-12,1649.47,0
2023-08-13,1438.05,0
2023-08-14,2117.71,1
2023-08-15,1550.86,0
2023-08-16,1388.84,0
2023-08-17,1541.53,0
2023-08-18,1399.83,0
2023-08-19,1558.55,0
2023-08-20,1486.76,0
2023-08-21,1432.02,0
2023-08-22,1915.54,1
2023-08-23,1371.61,0
2023-08-24,1291.67,0
2023-08-25,1376.73,0
2023-08-26,2070.63,1
2023-08-27,1394.73,0
2023-08-28,1641.13,1
2023-08-29,1405.71,0
2023-08-30,1103.41,0
2023-08-31,1365.37,0
2023-09-01,1384.93,0
2023-09-02,1658.91,0
2023-09-03,1464.18,0
2023-09-04,1394.93,0
2023-09-05,1745.83,1
2023-09-06,1805.64,1
2023-09-07,1391.98,0
2023-09-08,1277.7,0
2023-09-09,1601.63,0
2023-09-10,1390.0,0
2023-09-11,1337.65,0
2023-09-12,1391.76,0
2023-09-13,1364.27,0
2023-09-14,1475.2,0
2023-09-15,1772.88,1
2023-09-16,1331.75,0
2023-09-17,1847.29,1
2023-09-18,1346.92,0
2023-09-19,1328.82,0
2023-09-20,1289.9,0
2023-09-21,1176.98,0
2023-09-22,1342.46,0
2023-09-23,1790.59,1
2023-09-24,1564.83,0
2023-09-25,1516.93,0
2023-09-26,1293.11,0
2023-09-27,1308.79,0
2023-09-28,1210.9,0
2023-09-29,1092.37,0
2023-09-30,1367.36,0
2023-10-01,1398.48,0
2023-10-02,1115.36,0
2023-10-03,1387.07,0
2023-10-04,1258.18,0
2023-10-05,1264.12,0
2023-10-06,1201.63,0
2023-10-07,1388.02,0
2023-10-08,1496.51,0
2023-10-09,1215.97,0
2023-10-10,1260.77,0
2023-10-11,1195.88,0
2023-10-12,1180.48,0
2023-10-13,1087.59,0
2023-10-14,1191.86,0
2023-10-15,1443.47,0
2023-10-16,1202.16,0
2023-10-17,1086.95,0
2023-10-18,1188.7,0
2023-10-19,1193.17,0
2023-10-20,1006.89,0
2023-10-21,1275.73,0
2023-10-22,1399.04,0
2023-10-23,1209.42,0
2023-10-24,1079.93,0
2023-10-25,1185.13,0
2023-10-26,1253.2,0
2023-10-27,1230.37,0
2023-10-28,1335.37,0
2023-10-29,1297.86,0
2023-10-30,1496.16,1
2023-10-31,1194.79,0
2023-11-01,1616.29,0
2023-11-02,1568.34,0
2023-11-03,1513.7,0
2023-11-04,2394.55,1
2023-11-05,1686.47,0
2023-11-06,1575.22,0
2023-11-07,1581.98,0
2023-11-08,1896.96,1
2023-11-09,1298.78,0
2023-11-10,1645.46,0
2023-11-11,1692.96,0
2023-11-12,1461.84,0
2023-11-13,1405.47,0
2023-11-14,1557.46,0
2023-11-15,1535.25,0
2023-11-16,1421.4,0
2023-11-17,1617.04,0
2023-11-18,1530.04,0
2023-11-19,2102.51,1
2023-11-20,1489.86,0
2023-11-21,1506.84,0
2023-11-22,1516.34,0
2023-11-23,1557.54,0
2023-11-24,1483.27,0
2023-11-25,1698.03,0
2023-11-26,2174.74,1
2023-11-27,1466.06,0
2023-11-28,1469.66,0
2023-11-29,1479.72,0
2023-11-30,1535.7,0
2023-12-01,1606.2,0
2023-12-02,1640.45,0
2023-12-03,1542.13,0
2023-12-04,1461.0,0
2023-12-05,1450.72,0
2023-12-06,1472.74,0
2023-12-07,1677.05,0
2023-12-08,1399.07,0
2023-12-09,1680.28,0
2023-12-10,1753.85,0
2023-12-11,1461.6,0
2023-12-12,2280.27,1
2023-12-13,1413.1,0
2023-12-14,1484.48,0
2023-12-15,1964.84,1
2023-12-16,1591.65,0
2023-12-17,1660.47,0
2023-12-18,1538.36,0
2023-12-19,1485.13,0
2023-12-20,1581.17,0
2023-12-21,1949.3,1
2023-12-22,1420.33,0
2023-12-23,1944.18,0
2023-12-24,1680.57,0
2023-12-25,1866.84,1
2023-12-26,1386.19,0
2023-12-27,1361.67,0
2023-12-28,1554.45,0
2023-12-29,1422.58,0
2023-12-30,1655.52,0
2023-12-31,1634.72,0
2024-01-01,1265.04,0
2024-01-02,1048.62,0
2024-01-03,1032.01,0
2024-01-04,1134.98,0
2024-01-05,1165.97,0
2024-01-06,1330.71,0
2024-01-07,1228.25,0
2024-01-08,1176.97,0
2024-01-09,1066.8,0
2024-01-10,1086.02,0
2024-01-11,1054.41,0
2024-01-12,1233.91,0
2024-01-13,1371.07,0
2024-01-14,1370.56,0
2024-01-15,1334.07,0
2024-01-16,1363.36,0
2024-01-17,1004.73,0
2024-01-18,1084.43,0
2024-01-19,1096.42,0
2024-01-20,1249.1,0
2024-01-21,1230.25,0
2024-01-22,1128.91,0
2024-01-23,1057.21,0
2024-01-24,1185.37,0
2024-01-25,1165.05,0
2024-01-26,1202.71,0
2024-01-27,1394.12,0
2024-01-28,1898.12,1
2024-01-29,1141.28,0
2024-01-30,1349.24,0
2024-01-31,1197.08,0
2024-02-01,1105.07,0
2024-02-02,1100.72,0
2024-02-03,1200.34,0
2024-02-04,1851.75,1
2024-02-05,1183.01,0
2024-02-06,1157.17,0
2024-02-07,1368.54,0
2024-02-08,1249.21,0
2024-02-09,1267.65,0
2024-02-10,1299.15,0
2024-02-11,1295.73,0
2024-02-12,1219.77,0
2024-02-13,1234.93,0
2024-02-14,1064.69,0
2024-02-15,1300.66,0
2024-02-16,1232.12,0
2024-02-17,1393.27,0
2024-02-18,1337.51,0
2024-02-19,1195.08,0
2024-02-20,1230.32,0
2024-02-21,1697.59,1
2024-02-22,1306.41,0
2024-02-23,1352.32,0
2024-02-24,1905.37,1
2024-02-25,1398.84,0
2024-02-26,1307.78,0
2024-02-27,1327.29,0
2024-02-28,1238.03,0
2024-02-29,1351.71,0
2024-03-01,1469.14,0
2024-03-02,1601.73,0
2024-03-03,1656.34,0
2024-03-04,1218.39,0
2024-03-05,1302.43,0
2024-03-06,1306.31,0
2024-03-07,1300.42,0
2024-03-08,1253.86,0
2024-03-09,1341.97,0
2024-03-10,1511.63,0
2024-03-11,1254.75,0
2024-03-12,1338.28,0
2024-03-13,1260.3,0
2024-03-14,1235.64,0
2024-03-15,1456.4,0
2024-03-16,1543.26,0
2024-03-17,1593.45,0
2024-03-18,1563.0,0
2024-03-19,1386.21,0
2024-03-20,1904.0,1
2024-03-21,1265.08,0
2024-03-22,1248.88,0
2024-03-23,2334.46,1
2024-03-24,1460.07,0
2024-03-25,1283.97,0
2024-03-26,1385.61,0
2024-03-27,1384.83,0
2024-03-28,1309.52,0
2024-03-29,1372.09,0
2024-03-30,1722.71,0
2024-03-31,1500.65,0
2024-04-01,1357.76,0
2024-04-02,1512.3,0
2024-04-03,1471.85,0
2024-04-04,1364.96,0
2024-04-05,1272.55,0
2024-04-06,1530.94,0
2024-04-07,1612.99,0
2024-04-08,1561.0,0
2024-04-09,1342.24,0
2024-04-10,1442.67,0
2024-04-11,1524.01,0
2024-04-12,1215.96,0
2024-04-13,1762.02,0
2024-04-14,1510.7,0
2024-04-15,1597.17,0
2024-04-16,1500.21,0
2024-04-17,2147.61,1
2024-04-18,1539.52,0
2024-04-19,1238.81,0
2024-04-20,1578.11,0
2024-04-21,1689.72,0
2024-04-22,1476.75,0
2024-04-23,1550.99,0
2024-04-24,1587.53,0
2024-04-25,1572.18,0
2024-04-26,1488.79,0
2024-04-27,1475.88,0
2024-04-28,1644.22,0
2024-04-29,2114.26,1
2024-04-30,1408.7,0
2024-05-01,1689.95,0
2024-05-02,1629.09,0
2024-05-03,2090.54,1
2024-05-04,1349.63,0
2024-05-05,1567.24,0
2024-05-06,1748.22,0
2024-05-07,1488.16,0
2024-05-08,1335.02,0
2024-05-09,1687.6,0
2024-05-10,1557.64,0
2024-05-11,1873.54,0
2024-05-12,1775.59,0
2024-05-13,1614.79,0
2024-05-14,1607.08,0
2024-05-15,2350.26,1
2024-05-16,1823.16,0
2024-05-17,1682.06,0
2024-05-18,1563.06,0
2024-05-19,1814.92,0
2024-05-20,1708.69,0
2024-05-21,1717.97,0
2024-05-22,2078.23,1
2024-05-23,1718.59,0
2024-05-24,1694.48,0
2024-05-25,2092.54,0
2024-05-26,1682.04,0
2024-05-27,1540.47,0
2024-05-28,1564.83,0
2024-05-29,1545.99,0
2024-05-30,1502.85,0
2024-05-31,1294.15,0
2024-06-01,2455.63,1
2024-06-02,1833.89,0
2024-06-03,1553.64,0
2024-06-04,1828.87,0
2024-06-05,1613.57,0
2024-06-06,1759.21,0
2024-06-07,1644.23,0
2024-06-08,1899.79,0
2024-06-09,1832.17,0
2024-06-10,2393.79,1
2024-06-11,1625.49,0
2024-06-12,1676.38,0
2024-06-13,1662.57,0
2024-06-14,1589.1,0
2024-06-15,1946.25,0
2024-06-16,2085.34,0
2024-06-17,1593.19,0
2024-06-18,1672.19,0
2024-06-19,1768.07,0
2024-06-20,1755.17,0
2024-06-21,1627.14,0
2024-06-22,1504.79,0
2024-06-23,2526.78,1
2024-06-24,1373.83,0
2024-06-25,1794.02,0
2024-06-26,1645.99,0
2024-06-27,1740.51,0
2024-06-28,1523.88,0
2024-06-29,1610.14,0
2024-06-30,1839.21,0
2024-07-01,2311.11,1
2024-07-02,2119.09,1
2024-07-03,2207.06,1
2024-07-04,2618.35,1
2024-07-05,1719.12,0
2024-07-06,1936.15,0
2024-07-07,1909.51,0
2024-07-08,1790.29,0
2024-07-09,1599.93,0
2024-07-10,1387.56,0
2024-07-11,1598.38,0
2024-07-12,1710.79,0
2024-07-13,1675.74,0
2024-07-14,1774.53,0
2024-07-15,1622.98,0
2024-07-16,1784.11,0
2024-07-17,1697.74,0
2024-07-18,1685.31,0
2024-07-19,1680.5,0
2024-07-20,1784.34,0
2024-07-21,1812.24,0
2024-07-22,1472.74,0
2024-07-23,1358.83,0
2024-07-24,1619.57,0
2024-07-25,2210.41,1
2024-07-26,1734.65,0
2024-07-27,1972.97,0
2024-07-28,1970.74,0
2024-07-29,1482.35,0
2024-07-30,1552.48,0
2024-07-31,1643.17,0
2024-08-01,1974.99,0
2024-08-02,1749.81,0
2024-08-03,1901.56,0
2024-08-04,1713.37,0
2024-08-05,1481.31,0
2024-08-06,1663.7,0
2024-08-07,1453.0,0
2024-08-08,1545.67,0
2024-08-09,1556.87,0
2024-08-10,1941.81,0
2024-08-11,1701.19,0
2024-08-12,1748.6,1
2024-08-13,1614.43,0
2024-08-14,1480.57,0
2024-08-15,1648.98,0
2024-08-16,1541.96,0
2024-08-17,1695.52,0
2024-08-18,1821.35,0
2024-08-19,1377.49,0
2024-08-20,1484.48,0
2024-08-21,1610.97,0
2024-08-22,1982.47,1
2024-08-23,1359.05,0
2024-08-24,2414.51,1
2024-08-25,1839.67,0
2024-08-26,1517.77,0
2024-08-27,1310.96,0
2024-08-28,1591.41,0
2024-08-29,1337.54,0
2024-08-30,1542.91,0
2024-08-31,2136.14,1
2024-09-01,1629.96,0
2024-09-02,1454.39,0
2024-09-03,1478.41,0
2024-09-04,1427.03,0
2024-09-05,1552.64,0
2024-09-06,1441.49,0
2024-09-07,2401.55,1
2024-09-08,1694.14,0
2024-09-09,1405.98,0
2024-09-10,1385.47,0
2024-09-11,1301.87,0
2024-09-12,2022.5,1
2024-09-13,1428.59,0
2024-09-14,1369.04,0
2024-09-15,1663.5,0
2024-09-16,1363.21,0
2024-09-17,1611.76,0
2024-09-18,1275.68,0
2024-09-19,1299.19,0
2024-09-20,1553.66,0
2024-09-21,2392.21,1
2024-09-22,1530.76,0
2024-09-23,1368.31,0
2024-09-24,1489.95,0
2024-09-25,1610.4,1
2024-09-26,1236.49,0
2024-09-27,1390.54,0
2024-09-28,1768.18,0
2024-09-29,1543.29,0
2024-09-30,1418.53,0
2024-10-01,1614.0,0
2024-10-02,1608.86,0
2024-10-03,1812.19,1
2024-10-04,1393.99,0
2024-10-05,1773.0,0
2024-10-06,1402.06,0
2024-10-07,1485.82,0
2024-10-08,1284.39,0
2024-10-09,1389.76,0
2024-10-10,1827.07,1
2024-10-11,1281.58,0
2024-10-12,1443.94,0
2024-10-13,1577.58,0
2024-10-14,1459.74,0
2024-10-15,1438.49,0
2024-10-16,1365.4,0
2024-10-17,1410.04,0
2024-10-18,1260.93,0
2024-10-19,2172.6,1
2024-10-20,1614.89,0
2024-10-21,1589.55,0
2024-10-22,1306.44,0
2024-10-23,1749.76,1
2024-10-24,1408.32,0
2024-10-25,1410.22,0
2024-10-26,1454.55,0
2024-10-27,1466.01,0
2024-10-28,1376.3,0
2024-10-29,1246.91,0
2024-10-30,1732.3,1
2024-10-31,1327.03,0
2024-11-01,1878.86,0
2024-11-02,1766.06,0
2024-11-03,1604.3,0
2024-11-04,1436.97,0
2024-11-05,1511.34,0
2024-11-06,1503.17,0
2024-11-07,1635.37,0
2024-11-08,1513.82,0
2024-11-09,1739.27,0
2024-11-10,1728.32,0
2024-11-11,1594.72,0
2024-11-12,1795.8,0
2024-11-13,1717.95,0
2024-11-14,1642.0,0
2024-11-15,1672.71,0
2024-11-16,1761.78,0
2024-11-17,1856.97,0
2024-11-18,1700.64,0
2024-11-19,1528.67,0
2024-11-20,1635.16,0
2024-11-21,1397.91,0
2024-11-22,2230.92,1
2024-11-23,1903.6,0
2024-11-24,1770.63,0
2024-11-25,1831.56,0
2024-11-26,2057.04,1
2024-11-27,1647.63,0
2024-11-28,1617.95,0
2024-11-29,1609.78,0
2024-11-30,1785.96,0
2024-12-01,2570.14,1
2024-12-02,1715.07,0
2024-12-03,1774.44,0
2024-12-04,1617.57,0
2024-12-05,1709.65,0
2024-12-06,1537.5,0
2024-12-07,1892.9,0
2024-12-08,1700.47,0
2024-12-09,2348.24,1
2024-12-10,1865.95,0
2024-12-11,1601.99,0
2024-12-12,1367.78,0
2024-12-13,1553.81,0
2024-12-14,1950.76,0
2024-12-15,1959.07,0
2024-12-16,1644.44,0
2024-12-17,2336.46,1
2024-12-18,2256.88,1
2024-12-19,1755.21,0
2024-12-20,2324.65,1
2024-12-21,1989.95,0
2024-12-22,1844.19,0
2024-12-23,1722.32,0
2024-12-24,1585.6,0
2024-12-25,1552.99,0
2024-12-26,1815.92,0
2024-12-27,1647.63,0
2024-12-28,1905.71,0
2024-12-29,1820.77,0
2024-12-30,1559.5,0
2024-12-31,1628.72,0
2025-01-01,1505.64,0
2025-01-02,1329.12,0
2025-01-03,1127.3,0
2025-01-04,1440.11,0
2025-01-05,1646.21,0
2025-01-06,1265.9,0
2025-01-07,1124.56,0
2025-01-08,1459.11,0
2025-01-09,1351.72,0
2025-01-10,1285.54,0
2025-01-11,1435.39,0
2025-01-12,1587.4,0
2025-01-13,1685.25,1
2025-01-14,1404.04,0
2025-01-15,1444.47,0
2025-01-16,1326.12,0
2025-01-17,1319.28,0
2025-01-18,1984.51,1
2025-01-19,2159.51,1
2025-01-20,1233.37,0
2025-01-21,1165.99,0
2025-01-22,1374.47,0
2025-01-23,1378.67,0
2025-01-24,1367.38,0
2025-01-25,1548.51,0
2025-01-26,1474.39,0
2025-01-27,1404.34,0
2025-01-28,1329.52,0
2025-01-29,1291.04,0
2025-01-30,1310.26,0
2025-01-31,1532.33,0
2025-02-01,1419.25,0
2025-02-02,1581.96,0
2025-02-03,1610.16,1
2025-02-04,1814.99,1
2025-02-05,1316.66,0
2025-02-06,1162.45,0
2025-02-07,1401.53,0
2025-02-08,2033.79,1
2025-02-09,1323.12,0
2025-02-10,1455.2,0
2025-02-11,1516.27,0
2025-02-12,1525.42,0
2025-02-13,1419.65,0
2025-02-14,1392.88,0
2025-02-15,1816.5,0
2025-02-16,1761.17,0
2025-02-17,1510.3,0
2025-02-18,1310.5,0
2025-02-19,1426.51,0
2025-02-20,1453.84,0
2025-02-21,1235.09,0
2025-02-22,1650.56,0
2025-02-23,1856.78,0
2025-02-24,1489.64,0
2025-02-25,1577.14,0
2025-02-26,1451.97,0
2025-02-27,1430.2,0
2025-02-28,1480.02,0
2025-03-01,1617.57,0
2025-03-02,1519.63,0
2025-03-03,1582.46,0
2025-03-04,1597.71,0
2025-03-05,1360.35,0
2025-03-06,1565.19,0
2025-03-07,1461.03,0
2025-03-08,1693.46,0
2025-03-09,1711.68,0
2025-03-10,1585.6,0
2025-03-11,1495.2,0
2025-03-12,1637.93,0
2025-03-13,1527.35,0
2025-03-14,1564.68,0
2025-03-15,1669.94,0
2025-03-16,1942.61,0
2025-03-17,1561.54,0
2025-03-18,1591.72,0
2025-03-19,1349.14,0
2025-03-20,1436.72,0
2025-03-21,1661.22,0
2025-03-22,1747.39,0
2025-03-23,1487.17,0
2025-03-24,1653.48,0
2025-03-25,1486.84,0
2025-03-26,1703.02,0
2025-03-27,1544.56,0
2025-03-28,1580.66,0
2025-03-29,1886.34,0
2025-03-30,1636.99,0
2025-03-31,1461.73,0
2025-04-01,1642.18,0
2025-04-02,2255.42,1
2025-04-03,1435.88,0
2025-04-04,1402.16,0
2025-04-05,1873.79,0
2025-04-06,1700.79,0
2025-04-07,1555.9,0
2025-04-08,1883.82,1
2025-04-09,1531.51,0
2025-04-10,1611.1,0
2025-04-11,1721.2,0
2025-04-12,1702.76,0
2025-04-13,2013.17,0
2025-04-14,1549.82,0
2025-04-15,1639.4,0
2025-04-16,1811.61,0
2025-04-17,1663.72,0
2025-04-18,1579.77,0
2025-04-19,1807.21,0
2025-04-20,2004.22,0
2025-04-21,1824.35,0
2025-04-22,1563.42,0
2025-04-23,1656.95,0
2025-04-24,1676.02,0
2025-04-25,1553.87,0
2025-04-26,1845.43,0
2025-04-27,1856.85,0
2025-04-28,1813.7,0
2025-04-29,1825.32,0
2025-04-30,1647.6,0
2025-05-01,1753.16,0
2025-05-02,1771.86,0
2025-05-03,1799.53,0
2025-05-04,1957.07,0
2025-05-05,1692.32,0
2025-05-06,1590.17,0
2025-05-07,1594.55,0
2025-05-08,1885.48,0
2025-05-09,1696.27,0
2025-05-10,2115.93,0
2025-05-11,1832.54,0
2025-05-12,1758.87,0
2025-05-13,2721.19,1
2025-05-14,1601.27,0
2025-05-15,1579.91,0
2025-05-16,1890.81,0
2025-05-17,1806.22,0
2025-05-18,1916.92,0
2025-05-19,1670.72,0
2025-05-20,1777.35,0
2025-05-21,1630.72,0
2025-05-22,1727.24,0
2025-05-23,1806.67,0
2025-05-24,1797.23,0
2025-05-25,1840.98,0
2025-05-26,1715.17,0
2025-05-27,1583.91,0
2025-05-28,1709.78,0
2025-05-29,1778.46,0
2025-05-30,1716.25,0
2025-05-31,1910.41,0
2025-06-01,2036.28,0
2025-06-02,1689.49,0
2025-06-03,2508.44,1
2025-06-04,1952.2,0
2025-06-05,1717.65,0
2025-06-06,1837.11,0
2025-06-07,1925.26,0
2025-06-08,2009.51,0
2025-06-09,1975.76,0
2025-06-10,1845.19,0
2025-06-11,1561.51,0
2025-06-12,1840.54,0
2025-06-13,2617.44,1
2025-06-14,1935.21,0
2025-06-15,2199.86,0
2025-06-16,1700.95,0
2025-06-17,2162.79,1
2025-06-18,1806.3,0
2025-06-19,1569.21,0
2025-06-20,1759.66,0
2025-06-21,2899.26,1
2025-06-22,1707.08,0
2025-06-23,1630.42,0
2025-06-24,2243.25,1
2025-06-25,1783.3,0
2025-06-26,1745.49,0
2025-06-27,1966.84,0
2025-06-28,2103.08,0
2025-06-29,2039.64,0
2025-06-30,1809.41,0
2025-07-01,1932.72,0
2025-07-02,1682.62,0
2025-07-03,1897.76,0
2025-07-04,1650.6,0
2025-07-05,2084.63,0
2025-07-06,2132.42,0
2025-07-07,1814.74,0
2025-07-08,2383.62,1
2025-07-09,2480.02,1
2025-07-10,1428.42,0
2025-07-11,1823.14,0
2025-07-12,1948.88,0
2025-07-13,1956.55,0
2025-07-14,1870.64,0
2025-07-15,1861.61,0
2025-07-16,1638.18,0
2025-07-17,1761.46,0
2025-07-18,1786.22,0
2025-07-19,1972.24,0
2025-07-20,1977.29,0
2025-07-21,1902.75,0
2025-07-22,1637.49,0
2025-07-23,1792.45,0
2025-07-24,1928.82,0
2025-07-25,1552.83,0
2025-07-26,1970.2,0
2025-07-27,1864.31,0
2025-07-28,1716.43,0
2025-07-29,2225.89,1
2025-07-30,1737.52,0
2025-07-31,1982.81,0
2025-08-01,1681.16,0
2025-08-02,2395.1,1
2025-08-03,1754.33,0
2025-08-04,2645.27,1
2025-08-05,1689.38,0
2025-08-06,1740.5,0
2025-08-07,1692.24,0
2025-08-08,1624.03,0
2025-08-09,1885.06,0
2025-08-10,2243.57,0
2025-08-11,1900.46,0
2025-08-12,1625.96,0
2025-08-13,1804.93,0
2025-08-14,1623.72,0
2025-08-15,1586.2,0
2025-08-16,2034.29,0
2025-08-17,2050.05,0
2025-08-18,1838.8,0
2025-08-19,1654.31,0
2025-08-20,1687.83,0
2025-08-21,1794.41,0
2025-08-22,1748.7,0
2025-08-23,1827.38,0
2025-08-24,1663.58,0
2025-08-25,1706.77,0
2025-08-26,2454.23,1
2025-08-27,2086.86,1
2025-08-28,1759.54,0
2025-08-29,1720.18,0
2025-08-30,1955.65,0
2025-08-31,1968.19,0
2025-09-01,1676.19,0
2025-09-02,1479.81,0
2025-09-03,1603.31,0
2025-09-04,1765.79,0
2025-09-05,1596.17,0
2025-09-06,2358.05,1
2025-09-07,1599.0,0
2025-09-08,1851.76,0
2025-09-09,1741.28,0
2025-09-10,1731.4,0
2025-09-11,1750.64,0
2025-09-12,1702.33,0
2025-09-13,1781.96,0
2025-09-14,1788.91,0
2025-09-15,1664.97,0
2025-09-16,1922.34,0
2025-09-17,1682.71,0
2025-09-18,1563.87,0
2025-09-19,1665.58,0
2025-09-20,1663.04,0
2025-09-21,1974.48,0
2025-09-22,1528.84,0
2025-09-23,1655.79,0
2025-09-24,1715.48,0
2025-09-25,1635.94,0
2025-09-26,1600.23,0
2025-09-27,1767.75,0
2025-09-28,1756.15,0
2025-09-29,1516.05,0
2025-09-30,1526.94,0
2025-10-01,1835.54,0
2025-10-02,1558.09,0
2025-10-03,1998.8,1
2025-10-04,1680.54,0
2025-10-05,1874.39,0
2025-10-06,2201.56,1
2025-10-07,1614.92,0
2025-10-08,1522.86,0
2025-10-09,1609.79,0
2025-10-10,1474.98,0
2025-10-11,1690.18,0
2025-10-12,1835.05,0
2025-10-13,1629.31,0
2025-10-14,1427.01,0
2025-10-15,2055.19,1
2025-10-16,2076.28,1
2025-10-17,1707.51,0
2025-10-18,1472.5,0
2025-10-19,1730.73,0
2025-10-20,1848.01,1
2025-10-21,1444.85,0
2025-10-22,1985.46,1
2025-10-23,1462.12,0
2025-10-24,1447.57,0
2025-10-25,1681.93,0
2025-10-26,1615.56,0
2025-10-27,1342.72,0
2025-10-28,1574.81,0
2025-10-29,2118.6,1
2025-10-30,1576.13,0
2025-10-31,1325.6,0
2025-11-01,2147.47,0
2025-11-02,2106.27,0
2025-11-03,2290.67,1
2025-11-04,1827.71,0
2025-11-05,1809.48,0
2025-11-06,2057.12,0
2025-11-07,2788.05,1
2025-11-08,1765.19,0
2025-11-09,2344.38,0
2025-11-10,1697.75,0
2025-11-11,1936.43,0
2025-11-12,2609.73,1
2025-11-13,1682.3,0
2025-11-14,2523.08,1
2025-11-15,2059.23,0
2025-11-16,2060.14,0
2025-11-17,1830.67,0
2025-11-18,1950.77,0
2025-11-19,1808.02,0
2025-11-20,2397.56,1
2025-11-21,1933.47,0
2025-11-22,2054.59,0
2025-11-23,2074.18,0
2025-11-24,1708.53,0
2025-11-25,1659.71,0
2025-11-26,1718.52,0
2025-11-27,1710.88,0
2025-11-28,1886.01,0
2025-11-29,2101.08,0
2025-11-30,1944.52,0
2025-12-01,2784.9,1
2025-12-02,1955.27,0
2025-12-03,1814.06,0
2025-12-04,1680.48,0
2025-12-05,1979.09,0
2025-12-06,2637.44,1
2025-12-07,1978.95,0
2025-12-08,1738.93,0
2025-12-09,2254.57,1
2025-12-10,2156.88,1
2025-12-11,1859.48,0
2025-12-12,1682.86,0
2025-12-13,2380.33,0
2025-12-14,1811.45,0
2025-12-15,1705.95,0
2025-12-16,1844.34,0
2025-12-17,2661.71,1
2025-12-18,1789.33,0
2025-12-19,1853.0,0
2025-12-20,1708.85,0
2025-12-21,1869.46,0
2025-12-22,1649.08,0
2025-12-23,1547.09,0
2025-12-24,2428.65,1
2025-12-25,1504.87,0
2025-12-26,1620.65,0
2025-12-27,1892.86,0
2025-12-28,1853.26,0
2025-12-29,2481.85,1
2025-12-30,1828.12,0
2025-12-31,1903.03,0
