invoice_id,date,vendor_id,requester_id,approver_id,amount,note
INV-1011,2025-01-02,V-007,EMP-009,EMP-018,3922.06,
INV-1642,2025-01-07,V-032,EMP-000,EMP-014,20629.73,
INV-1622,2025-01-07,V-031,EMP-020,EMP-013,12749.63,
INV-1171,2025-01-08,V-015,EMP-022,EMP-017,7561.39,
INV-1138,2025-01-08,V-018,EMP-007,EMP-010,4429.68,
INV-1464,2025-01-09,V-007,EMP-001,EMP-018,14815.92,
INV-1401,2025-01-09,V-034,EMP-015,EMP-021,11476.19,
INV-1302,2025-01-10,V-033,EMP-002,EMP-018,12277.45,
INV-1453,2025-01-12,V-029,EMP-021,EMP-019,7499.84,
INV-1063,2025-01-13,V-015,EMP-005,EMP-017,21171.78,
INV-1552,2025-01-13,V-029,EMP-024,EMP-017,8377.47,
INV-1233,2025-01-14,V-016,EMP-005,EMP-013,15916.22,
INV-1316,2025-01-14,V-005,EMP-007,EMP-019,21248.42,
INV-1191,2025-01-15,V-006,EMP-014,EMP-017,16701.93,
INV-1637,2025-01-16,V-017,EMP-023,EMP-013,18548.61,
INV-1239,2025-01-16,V-033,EMP-009,EMP-019,15493.68,
INV-1260,2025-01-16,V-025,EMP-002,EMP-017,17822.11,
INV-1350,2025-01-17,V-023,EMP-011,EMP-018,22794.79,
INV-1465,2025-01-18,V-015,EMP-006,EMP-013,2556.39,
INV-1428,2025-01-19,V-011,EMP-013,EMP-019,4342.56,
INV-1183,2025-01-19,V-024,EMP-012,EMP-017,11963.59,
INV-1427,2025-01-20,V-014,EMP-017,EMP-018,17396.36,
INV-1272,2025-01-22,V-022,EMP-002,EMP-018,20703.08,
INV-1581,2025-01-22,V-017,EMP-024,EMP-010,13077.73,
INV-1238,2025-01-23,V-028,EMP-016,EMP-003,22698.16,
INV-1487,2025-01-24,V-020,EMP-006,EMP-010,7613.19,
INV-1388,2025-01-25,V-029,EMP-007,EMP-003,14062.76,
INV-1472,2025-01-25,V-011,EMP-020,EMP-018,13407.04,
INV-1466,2025-01-25,V-028,EMP-019,EMP-010,16923.38,
INV-1338,2025-01-25,V-012,EMP-009,EMP-010,20712.0,
INV-1694,2025-01-26,V-RING1,EMP-021,EMP-014,11132.4,
INV-1479,2025-01-27,V-005,EMP-017,EMP-018,19931.34,
INV-1168,2025-01-27,V-033,EMP-011,EMP-019,15066.0,
INV-1646,2025-01-27,V-023,EMP-003,EMP-010,16208.82,
INV-1139,2025-01-28,V-034,EMP-004,EMP-021,1235.55,
INV-1574,2025-01-28,V-011,EMP-010,EMP-019,10906.37,
INV-1368,2025-01-29,V-011,EMP-024,EMP-017,10467.95,
INV-1639,2025-01-29,V-004,EMP-015,EMP-019,12332.15,
INV-1724,2025-01-29,V-RING4,EMP-014,EMP-021,8797.49,
INV-1452,2025-01-30,V-008,EMP-016,EMP-018,11044.64,
INV-1038,2025-01-30,V-031,EMP-004,EMP-003,7226.48,
INV-1661,2025-01-31,V-GH3,EMP-007,EMP-011,8934.68,"single-source, no PO backup on file"
INV-1291,2025-02-01,V-020,EMP-019,EMP-003,12107.61,
INV-1408,2025-02-01,V-026,EMP-016,EMP-019,20966.7,
INV-1471,2025-02-01,V-033,EMP-007,EMP-018,7316.95,
INV-1563,2025-02-02,V-013,EMP-006,EMP-021,18092.96,
INV-1455,2025-02-02,V-004,EMP-001,EMP-018,8367.01,
INV-1001,2025-02-03,V-014,EMP-001,EMP-010,9717.78,
INV-1702,2025-02-03,V-RING2,EMP-014,EMP-021,4392.4,
INV-1285,2025-02-04,V-020,EMP-020,EMP-010,3750.33,
INV-1074,2025-02-05,V-027,EMP-000,EMP-003,8836.68,
INV-1068,2025-02-05,V-012,EMP-012,EMP-010,6794.68,
INV-1647,2025-02-05,V-011,EMP-007,EMP-014,22904.79,
INV-1378,2025-02-07,V-030,EMP-007,EMP-018,7243.8,
INV-1624,2025-02-07,V-026,EMP-011,EMP-017,18341.01,
INV-1032,2025-02-08,V-027,EMP-005,EMP-021,11183.68,
INV-1494,2025-02-08,V-003,EMP-016,EMP-014,20161.78,
INV-1593,2025-02-08,V-017,EMP-020,EMP-018,9097.86,
INV-1094,2025-02-09,V-033,EMP-015,EMP-003,6699.15,
INV-1279,2025-02-09,V-021,EMP-007,EMP-010,18731.96,
INV-1288,2025-02-09,V-002,EMP-001,EMP-010,19985.96,
INV-1645,2025-02-09,V-026,EMP-023,EMP-010,6619.5,
INV-1342,2025-02-10,V-033,EMP-008,EMP-013,17490.89,
INV-1321,2025-02-10,V-030,EMP-014,EMP-010,275.24,
INV-1016,2025-02-10,V-015,EMP-001,EMP-003,21090.53,
INV-1241,2025-02-11,V-031,EMP-022,EMP-019,1902.75,
INV-1043,2025-02-11,V-015,EMP-018,EMP-021,1097.84,
INV-1108,2025-02-11,V-017,EMP-024,EMP-018,6166.68,
INV-1187,2025-02-11,V-021,EMP-019,EMP-010,9629.98,
INV-1577,2025-02-12,V-026,EMP-022,EMP-019,11805.48,
INV-1507,2025-02-12,V-030,EMP-001,EMP-014,16912.86,
INV-1248,2025-02-13,V-009,EMP-021,EMP-003,1751.13,
INV-1553,2025-02-13,V-030,EMP-003,EMP-017,10071.01,
INV-1527,2025-02-13,V-000,EMP-009,EMP-018,9399.02,
INV-1124,2025-02-14,V-017,EMP-010,EMP-019,6005.06,
INV-1523,2025-02-14,V-028,EMP-011,EMP-021,2588.22,
INV-1363,2025-02-14,V-029,EMP-017,EMP-013,14744.97,
INV-1426,2025-02-15,V-020,EMP-009,EMP-014,21804.3,
INV-1372,2025-02-17,V-017,EMP-004,EMP-021,14804.11,
INV-1595,2025-02-17,V-029,EMP-015,EMP-010,14029.64,
INV-1663,2025-02-17,V-GH3,EMP-007,EMP-011,9445.39,"single-source, no PO backup on file"
INV-1606,2025-02-18,V-014,EMP-013,EMP-018,2325.1,
INV-1296,2025-02-18,V-003,EMP-020,EMP-010,1722.0,
INV-1246,2025-02-18,V-021,EMP-014,EMP-021,10071.35,
INV-1555,2025-02-19,V-029,EMP-006,EMP-019,8456.96,
INV-1190,2025-02-20,V-018,EMP-007,EMP-013,10500.22,
INV-1225,2025-02-20,V-028,EMP-014,EMP-017,20552.49,
INV-1582,2025-02-22,V-028,EMP-017,EMP-013,23756.15,
INV-1610,2025-02-22,V-030,EMP-002,EMP-003,9286.22,
INV-1697,2025-02-22,V-RING1,EMP-014,EMP-021,5705.05,
INV-1051,2025-02-23,V-033,EMP-000,EMP-021,22372.38,
INV-1163,2025-02-23,V-022,EMP-013,EMP-003,7807.24,
INV-1087,2025-02-24,V-009,EMP-020,EMP-014,21439.94,
INV-1430,2025-02-24,V-002,EMP-000,EMP-021,13695.89,
INV-1532,2025-02-24,V-031,EMP-019,EMP-021,4813.83,
INV-1012,2025-02-24,V-016,EMP-016,EMP-017,12258.21,
INV-1120,2025-02-24,V-021,EMP-000,EMP-018,19762.59,
INV-1030,2025-02-25,V-006,EMP-001,EMP-018,17517.89,
INV-1065,2025-02-25,V-015,EMP-008,EMP-017,18928.88,
INV-1547,2025-02-25,V-034,EMP-019,EMP-010,21958.47,
INV-1237,2025-02-25,V-028,EMP-024,EMP-010,12390.73,
INV-1254,2025-02-25,V-009,EMP-021,EMP-003,5498.24,
INV-1240,2025-02-25,V-003,EMP-015,EMP-018,10316.63,
INV-1006,2025-02-26,V-032,EMP-015,EMP-013,18175.4,
INV-1580,2025-02-28,V-031,EMP-017,EMP-010,2850.08,
INV-1172,2025-02-28,V-026,EMP-002,EMP-003,23815.33,
INV-1009,2025-02-28,V-033,EMP-008,EMP-014,16374.76,
INV-1218,2025-03-01,V-029,EMP-022,EMP-021,15634.36,
INV-1632,2025-03-01,V-003,EMP-007,EMP-013,22202.37,
INV-1482,2025-03-02,V-019,EMP-000,EMP-003,22501.26,
INV-1269,2025-03-03,V-008,EMP-024,EMP-021,7053.31,
INV-1134,2025-03-03,V-029,EMP-008,EMP-021,6145.98,
INV-1665,2025-03-03,V-SPLIT,EMP-013,EMP-011,9716.75,"split PO - same job, separate invoice"
INV-1666,2025-03-04,V-SPLIT,EMP-013,EMP-011,9427.79,"split PO - same job, separate invoice"
INV-1089,2025-03-04,V-033,EMP-014,EMP-013,13444.13,
INV-1667,2025-03-05,V-SPLIT,EMP-013,EMP-011,9957.61,"split PO - same job, separate invoice"
INV-1075,2025-03-05,V-021,EMP-019,EMP-017,15971.79,
INV-1235,2025-03-06,V-020,EMP-000,EMP-017,6479.02,
INV-1229,2025-03-06,V-001,EMP-001,EMP-010,5959.12,
INV-1636,2025-03-06,V-033,EMP-023,EMP-021,4132.07,
INV-1056,2025-03-08,V-017,EMP-001,EMP-014,8105.32,
INV-1048,2025-03-09,V-006,EMP-002,EMP-003,12215.35,
INV-1602,2025-03-09,V-000,EMP-013,EMP-017,23897.3,
INV-1609,2025-03-09,V-021,EMP-003,EMP-019,10222.19,
INV-1443,2025-03-10,V-023,EMP-019,EMP-013,5376.22,
INV-1176,2025-03-11,V-012,EMP-019,EMP-021,17949.08,
INV-1457,2025-03-11,V-002,EMP-009,EMP-018,4442.55,
INV-1220,2025-03-11,V-007,EMP-003,EMP-013,21311.13,
INV-1334,2025-03-11,V-029,EMP-022,EMP-019,15216.9,
INV-1356,2025-03-11,V-018,EMP-022,EMP-019,4924.25,
INV-1397,2025-03-12,V-025,EMP-016,EMP-014,1230.48,
INV-1319,2025-03-12,V-006,EMP-022,EMP-010,19024.43,
INV-1423,2025-03-12,V-021,EMP-022,EMP-019,2548.0,
INV-1005,2025-03-12,V-025,EMP-011,EMP-003,23936.22,
INV-1611,2025-03-12,V-006,EMP-010,EMP-017,21161.59,
INV-1003,2025-03-13,V-031,EMP-012,EMP-019,3557.49,
INV-1514,2025-03-13,V-024,EMP-021,EMP-010,8061.76,
INV-1031,2025-03-13,V-015,EMP-006,EMP-003,12940.42,
INV-1320,2025-03-13,V-002,EMP-009,EMP-019,16751.32,
INV-1617,2025-03-13,V-024,EMP-011,EMP-018,7650.91,
INV-1573,2025-03-13,V-011,EMP-017,EMP-013,11827.96,
INV-1154,2025-03-14,V-014,EMP-020,EMP-017,21815.61,
INV-1298,2025-03-14,V-009,EMP-010,EMP-014,14048.34,
INV-1662,2025-03-14,V-GH3,EMP-007,EMP-011,9901.98,"single-source, no PO backup on file"
INV-1570,2025-03-14,V-019,EMP-003,EMP-013,9053.35,
INV-1185,2025-03-15,V-006,EMP-016,EMP-019,516.04,
INV-1259,2025-03-15,V-021,EMP-011,EMP-014,4476.52,
INV-1348,2025-03-15,V-025,EMP-011,EMP-017,22874.03,
INV-1281,2025-03-16,V-022,EMP-011,EMP-017,5785.01,
INV-1643,2025-03-18,V-015,EMP-001,EMP-019,8830.84,
INV-1614,2025-03-19,V-028,EMP-011,EMP-003,15129.71,
INV-1520,2025-03-20,V-018,EMP-007,EMP-013,2106.61,
INV-1062,2025-03-21,V-006,EMP-011,EMP-018,23376.01,
INV-1304,2025-03-21,V-031,EMP-006,EMP-003,23999.44,
INV-1629,2025-03-21,V-005,EMP-016,EMP-003,23387.37,
INV-1222,2025-03-21,V-034,EMP-013,EMP-010,17853.12,
INV-1049,2025-03-22,V-022,EMP-002,EMP-003,8963.22,
INV-1384,2025-03-23,V-024,EMP-019,EMP-003,6071.25,
INV-1440,2025-03-23,V-015,EMP-001,EMP-013,11249.67,
INV-1385,2025-03-23,V-020,EMP-018,EMP-010,7608.25,
INV-1294,2025-03-23,V-028,EMP-014,EMP-010,12617.54,
INV-1013,2025-03-24,V-019,EMP-020,EMP-003,3795.22,
INV-1314,2025-03-24,V-006,EMP-022,EMP-013,6948.75,
INV-1668,2025-03-24,V-SPLIT,EMP-013,EMP-011,9611.08,"split PO - same job, separate invoice"
INV-1369,2025-03-24,V-007,EMP-016,EMP-017,7403.37,
INV-1114,2025-03-25,V-023,EMP-005,EMP-013,18700.34,
INV-1669,2025-03-25,V-SPLIT,EMP-013,EMP-011,9544.78,"split PO - same job, separate invoice"
INV-1018,2025-03-26,V-008,EMP-004,EMP-019,22732.34,
INV-1035,2025-03-26,V-030,EMP-006,EMP-018,21673.26,
INV-1613,2025-03-26,V-009,EMP-002,EMP-014,14706.11,
INV-1345,2025-03-27,V-019,EMP-014,EMP-010,17266.26,
INV-1404,2025-03-29,V-014,EMP-023,EMP-014,14067.03,
INV-1726,2025-03-30,V-RING4,EMP-021,EMP-014,20833.71,
INV-1410,2025-03-30,V-030,EMP-016,EMP-018,7633.0,
INV-1149,2025-03-30,V-013,EMP-008,EMP-013,3895.81,
INV-1435,2025-03-31,V-018,EMP-018,EMP-010,18211.19,
INV-1160,2025-03-31,V-001,EMP-024,EMP-021,13893.49,
INV-1078,2025-03-31,V-026,EMP-021,EMP-003,16304.03,
INV-1695,2025-03-31,V-RING1,EMP-021,EMP-014,8683.0,
INV-1511,2025-04-02,V-017,EMP-017,EMP-010,15845.91,
INV-1161,2025-04-03,V-030,EMP-016,EMP-019,21998.34,
INV-1718,2025-04-03,V-RING4,EMP-021,EMP-014,10990.86,
INV-1307,2025-04-03,V-008,EMP-019,EMP-003,3828.93,
INV-1474,2025-04-05,V-026,EMP-013,EMP-017,7302.34,
INV-1560,2025-04-06,V-029,EMP-007,EMP-018,15169.78,
INV-1167,2025-04-07,V-032,EMP-000,EMP-019,10005.95,
INV-1463,2025-04-07,V-015,EMP-014,EMP-003,3849.64,
INV-1480,2025-04-07,V-017,EMP-012,EMP-014,20985.85,
INV-1290,2025-04-07,V-002,EMP-014,EMP-019,13784.01,
INV-1027,2025-04-08,V-030,EMP-007,EMP-019,19408.8,
INV-1077,2025-04-09,V-025,EMP-022,EMP-021,13372.74,
INV-1280,2025-04-10,V-032,EMP-020,EMP-013,12804.92,
INV-1137,2025-04-10,V-033,EMP-019,EMP-017,23535.18,
INV-1392,2025-04-10,V-002,EMP-012,EMP-014,13751.22,
INV-1651,2025-04-11,V-GH1,EMP-007,EMP-011,9946.13,"single-source, no PO backup on file"
INV-1564,2025-04-11,V-006,EMP-017,EMP-013,8874.16,
INV-1561,2025-04-12,V-027,EMP-012,EMP-014,17736.71,
INV-1111,2025-04-13,V-002,EMP-024,EMP-014,22798.24,
INV-1312,2025-04-13,V-024,EMP-016,EMP-018,23195.5,
INV-1335,2025-04-14,V-004,EMP-022,EMP-019,1032.06,
INV-1670,2025-04-14,V-SPLIT,EMP-013,EMP-011,9165.85,"split PO - same job, separate invoice"
INV-1477,2025-04-15,V-033,EMP-004,EMP-018,5942.18,
INV-1671,2025-04-15,V-SPLIT,EMP-013,EMP-011,9599.68,"split PO - same job, separate invoice"
INV-1407,2025-04-15,V-020,EMP-013,EMP-017,9999.1,
INV-1672,2025-04-16,V-SPLIT,EMP-013,EMP-011,9482.78,"split PO - same job, separate invoice"
INV-1586,2025-04-16,V-027,EMP-005,EMP-017,18868.66,
INV-1098,2025-04-16,V-021,EMP-017,EMP-021,10066.22,
INV-1148,2025-04-17,V-003,EMP-019,EMP-010,2516.72,
INV-1079,2025-04-18,V-019,EMP-012,EMP-014,7397.42,
INV-1268,2025-04-19,V-003,EMP-000,EMP-003,7338.85,
INV-1253,2025-04-19,V-019,EMP-011,EMP-013,13933.36,
INV-1355,2025-04-20,V-007,EMP-008,EMP-021,16941.3,
INV-1708,2025-04-20,V-RING3,EMP-021,EMP-014,7110.53,
INV-1265,2025-04-21,V-027,EMP-015,EMP-019,10028.28,
INV-1625,2025-04-21,V-001,EMP-018,EMP-014,478.97,
INV-1224,2025-04-22,V-026,EMP-008,EMP-014,16613.19,
INV-1615,2025-04-22,V-026,EMP-019,EMP-010,10700.86,
INV-1719,2025-04-23,V-RING4,EMP-014,EMP-021,9739.8,
INV-1698,2025-04-24,V-RING2,EMP-014,EMP-021,4215.22,
INV-1460,2025-04-25,V-007,EMP-005,EMP-018,12762.89,
INV-1083,2025-04-26,V-021,EMP-002,EMP-003,16196.18,
INV-1504,2025-04-26,V-029,EMP-018,EMP-013,23767.06,
INV-1641,2025-04-27,V-006,EMP-018,EMP-010,17388.26,
INV-1489,2025-04-28,V-026,EMP-009,EMP-017,4829.17,
INV-1462,2025-04-28,V-034,EMP-013,EMP-010,9195.74,
INV-1664,2025-04-29,V-GH3,EMP-007,EMP-011,8276.83,"single-source, no PO backup on file"
INV-1181,2025-04-30,V-020,EMP-006,EMP-003,13787.37,
INV-1467,2025-04-30,V-015,EMP-023,EMP-014,9744.03,
INV-1230,2025-04-30,V-013,EMP-002,EMP-003,14135.24,
INV-1722,2025-04-30,V-RING4,EMP-021,EMP-014,17803.16,
INV-1152,2025-04-30,V-018,EMP-022,EMP-019,1847.64,
INV-1189,2025-05-01,V-031,EMP-017,EMP-014,14876.41,
INV-1317,2025-05-01,V-026,EMP-001,EMP-018,12122.87,
INV-1584,2025-05-02,V-005,EMP-014,EMP-019,23855.89,
INV-1323,2025-05-02,V-033,EMP-013,EMP-014,18661.72,
INV-1361,2025-05-02,V-014,EMP-003,EMP-013,19040.77,
INV-1234,2025-05-02,V-008,EMP-000,EMP-010,18991.13,
INV-1569,2025-05-03,V-005,EMP-021,EMP-013,7619.48,
INV-1631,2025-05-03,V-004,EMP-009,EMP-018,17559.51,
INV-1483,2025-05-03,V-030,EMP-007,EMP-003,9609.67,
INV-1621,2025-05-04,V-003,EMP-007,EMP-019,9353.37,
INV-1513,2025-05-04,V-025,EMP-002,EMP-021,4024.44,
INV-1086,2025-05-05,V-012,EMP-022,EMP-018,11940.9,
INV-1673,2025-05-05,V-SPLIT,EMP-013,EMP-011,9308.36,"split PO - same job, separate invoice"
INV-1558,2025-05-05,V-006,EMP-021,EMP-019,4069.85,
INV-1537,2025-05-05,V-020,EMP-009,EMP-019,23231.15,
INV-1674,2025-05-06,V-SPLIT,EMP-013,EMP-011,9329.67,"split PO - same job, separate invoice"
INV-1653,2025-05-06,V-GH1,EMP-007,EMP-011,9530.84,"single-source, no PO backup on file"
INV-1021,2025-05-07,V-023,EMP-014,EMP-010,10917.94,
INV-1531,2025-05-07,V-019,EMP-015,EMP-013,8762.83,
INV-1412,2025-05-07,V-016,EMP-019,EMP-003,4735.5,
INV-1446,2025-05-07,V-034,EMP-021,EMP-019,5359.12,
INV-1693,2025-05-08,V-RING1,EMP-014,EMP-021,5641.83,
INV-1353,2025-05-08,V-023,EMP-012,EMP-010,15642.02,
INV-1644,2025-05-08,V-011,EMP-001,EMP-018,5504.69,
INV-1437,2025-05-08,V-006,EMP-005,EMP-017,11537.28,
INV-1158,2025-05-09,V-002,EMP-013,EMP-018,7837.37,
INV-1330,2025-05-10,V-002,EMP-020,EMP-018,23547.79,
INV-1502,2025-05-10,V-009,EMP-007,EMP-003,14931.77,
INV-1640,2025-05-11,V-031,EMP-018,EMP-013,8919.35,
INV-1113,2025-05-12,V-007,EMP-018,EMP-013,11241.06,
INV-1210,2025-05-12,V-033,EMP-016,EMP-021,19956.77,
INV-1701,2025-05-13,V-RING2,EMP-014,EMP-021,14481.83,
INV-1550,2025-05-13,V-021,EMP-013,EMP-014,401.56,
INV-1127,2025-05-13,V-011,EMP-015,EMP-003,8612.58,
INV-1070,2025-05-14,V-021,EMP-000,EMP-013,21067.37,
INV-1638,2025-05-15,V-021,EMP-013,EMP-003,12643.92,
INV-1403,2025-05-16,V-019,EMP-023,EMP-014,14386.29,
INV-1186,2025-05-16,V-026,EMP-020,EMP-017,1934.65,
INV-1257,2025-05-17,V-001,EMP-019,EMP-010,19932.64,
INV-1438,2025-05-17,V-000,EMP-008,EMP-018,5767.18,
INV-1382,2025-05-17,V-006,EMP-010,EMP-013,11275.37,
INV-1517,2025-05-20,V-025,EMP-024,EMP-010,856.57,
INV-1578,2025-05-21,V-001,EMP-024,EMP-003,7116.34,
INV-1242,2025-05-21,V-020,EMP-019,EMP-013,1716.52,
INV-1415,2025-05-21,V-020,EMP-015,EMP-010,13517.63,
INV-1499,2025-05-21,V-026,EMP-000,EMP-014,12776.61,
INV-1286,2025-05-21,V-030,EMP-014,EMP-018,7372.27,
INV-1590,2025-05-22,V-006,EMP-004,EMP-018,22062.63,
INV-1136,2025-05-22,V-011,EMP-006,EMP-003,17765.72,
INV-1093,2025-05-22,V-028,EMP-008,EMP-003,20180.73,
INV-1255,2025-05-23,V-022,EMP-017,EMP-003,2890.01,
INV-1720,2025-05-24,V-RING4,EMP-014,EMP-021,20123.77,
INV-1311,2025-05-25,V-012,EMP-011,EMP-019,11161.07,
INV-1266,2025-05-26,V-032,EMP-003,EMP-017,10403.44,
INV-1675,2025-05-26,V-SPLIT,EMP-013,EMP-011,9914.92,"split PO - same job, separate invoice"
INV-1203,2025-05-27,V-003,EMP-019,EMP-010,11996.95,
INV-1676,2025-05-27,V-SPLIT,EMP-013,EMP-011,9445.8,"split PO - same job, separate invoice"
INV-1425,2025-05-28,V-030,EMP-020,EMP-003,18178.48,
INV-1677,2025-05-28,V-SPLIT,EMP-013,EMP-011,9832.07,"split PO - same job, separate invoice"
INV-1417,2025-05-28,V-025,EMP-011,EMP-017,7077.3,
INV-1164,2025-05-28,V-010,EMP-010,EMP-003,16694.12,
INV-1468,2025-05-29,V-034,EMP-006,EMP-014,3492.23,
INV-1359,2025-05-29,V-022,EMP-022,EMP-013,13267.43,
INV-1429,2025-05-29,V-025,EMP-015,EMP-017,22488.12,
INV-1383,2025-05-29,V-028,EMP-007,EMP-017,2458.96,
INV-1326,2025-05-30,V-034,EMP-000,EMP-003,17287.28,
INV-1588,2025-05-30,V-034,EMP-005,EMP-010,23499.15,
INV-1343,2025-05-31,V-027,EMP-019,EMP-018,4453.89,
INV-1620,2025-06-01,V-019,EMP-006,EMP-003,17986.07,
INV-1442,2025-06-01,V-019,EMP-022,EMP-013,15383.27,
INV-1344,2025-06-01,V-020,EMP-003,EMP-014,7970.89,
INV-1413,2025-06-02,V-017,EMP-017,EMP-003,5513.08,
INV-1100,2025-06-02,V-024,EMP-015,EMP-014,22634.39,
INV-1475,2025-06-03,V-034,EMP-015,EMP-003,20406.78,
INV-1556,2025-06-03,V-028,EMP-023,EMP-019,7755.99,
INV-1377,2025-06-04,V-001,EMP-015,EMP-021,15459.49,
INV-1144,2025-06-05,V-003,EMP-004,EMP-017,19495.74,
INV-1156,2025-06-05,V-018,EMP-014,EMP-013,11328.45,
INV-1659,2025-06-07,V-GH2,EMP-007,EMP-011,8858.48,"single-source, no PO backup on file"
INV-1522,2025-06-07,V-023,EMP-003,EMP-014,273.91,
INV-1386,2025-06-07,V-031,EMP-016,EMP-019,12045.42,
INV-1015,2025-06-07,V-001,EMP-003,EMP-017,21107.52,
INV-1258,2025-06-08,V-001,EMP-005,EMP-021,16909.37,
INV-1336,2025-06-08,V-002,EMP-006,EMP-014,7676.96,
INV-1278,2025-06-08,V-025,EMP-016,EMP-013,9589.04,
INV-1628,2025-06-08,V-005,EMP-020,EMP-017,6767.61,
INV-1115,2025-06-09,V-019,EMP-003,EMP-010,762.43,
INV-1273,2025-06-10,V-027,EMP-000,EMP-019,22119.72,
INV-1165,2025-06-11,V-025,EMP-024,EMP-014,10997.6,
INV-1044,2025-06-11,V-026,EMP-021,EMP-010,13630.66,
INV-1046,2025-06-11,V-008,EMP-021,EMP-018,7304.93,
INV-1521,2025-06-12,V-024,EMP-022,EMP-017,17790.78,
INV-1727,2025-06-12,V-RING4,EMP-014,EMP-021,8257.92,
INV-1188,2025-06-12,V-021,EMP-021,EMP-019,12876.89,
INV-1380,2025-06-13,V-013,EMP-010,EMP-021,3576.5,
INV-1473,2025-06-13,V-022,EMP-020,EMP-018,18891.44,
INV-1318,2025-06-13,V-024,EMP-002,EMP-010,5505.25,
INV-1262,2025-06-16,V-021,EMP-005,EMP-010,7582.55,
INV-1126,2025-06-16,V-024,EMP-010,EMP-014,11939.21,
INV-1678,2025-06-16,V-SPLIT,EMP-013,EMP-011,9379.89,"split PO - same job, separate invoice"
INV-1275,2025-06-16,V-018,EMP-003,EMP-021,647.43,
INV-1076,2025-06-17,V-019,EMP-016,EMP-021,16055.4,
INV-1679,2025-06-17,V-SPLIT,EMP-013,EMP-011,9339.32,"split PO - same job, separate invoice"
INV-1692,2025-06-17,V-RING1,EMP-014,EMP-021,7870.37,
INV-1300,2025-06-18,V-005,EMP-009,EMP-018,15497.31,
INV-1680,2025-06-18,V-SPLIT,EMP-013,EMP-011,9165.72,"split PO - same job, separate invoice"
INV-1024,2025-06-19,V-003,EMP-007,EMP-013,21744.27,
INV-1704,2025-06-19,V-RING2,EMP-014,EMP-021,5655.62,
INV-1481,2025-06-20,V-013,EMP-015,EMP-003,20886.95,
INV-1533,2025-06-20,V-008,EMP-009,EMP-014,22779.44,
INV-1657,2025-06-21,V-GH2,EMP-007,EMP-011,9735.1,"single-source, no PO backup on file"
INV-1434,2025-06-22,V-016,EMP-022,EMP-017,485.91,
INV-1295,2025-06-23,V-023,EMP-011,EMP-021,9389.88,
INV-1395,2025-06-23,V-007,EMP-004,EMP-013,9544.6,
INV-1010,2025-06-24,V-034,EMP-024,EMP-021,18481.08,
INV-1303,2025-06-24,V-023,EMP-009,EMP-017,22835.39,
INV-1292,2025-06-25,V-028,EMP-003,EMP-019,21594.17,
INV-1557,2025-06-25,V-002,EMP-022,EMP-013,688.65,
INV-1053,2025-06-25,V-009,EMP-008,EMP-021,14575.19,
INV-1554,2025-06-25,V-007,EMP-023,EMP-017,8457.64,
INV-1599,2025-06-25,V-008,EMP-018,EMP-019,11725.31,
INV-1179,2025-06-26,V-031,EMP-004,EMP-019,12995.15,
INV-1583,2025-06-28,V-015,EMP-009,EMP-014,10876.12,
INV-1459,2025-06-28,V-024,EMP-002,EMP-017,15736.79,
INV-1109,2025-06-29,V-030,EMP-000,EMP-014,23997.8,
INV-1133,2025-06-30,V-022,EMP-013,EMP-018,13276.77,
INV-1332,2025-06-30,V-006,EMP-024,EMP-010,3331.82,
INV-1492,2025-06-30,V-031,EMP-014,EMP-017,17626.62,
INV-1346,2025-06-30,V-028,EMP-011,EMP-019,1160.17,
INV-1192,2025-07-03,V-002,EMP-010,EMP-019,1488.44,
INV-1716,2025-07-03,V-RING3,EMP-014,EMP-021,21809.27,
INV-1200,2025-07-03,V-030,EMP-003,EMP-013,9245.54,
INV-1603,2025-07-04,V-019,EMP-005,EMP-021,2376.16,
INV-1328,2025-07-04,V-011,EMP-021,EMP-018,2191.89,
INV-1439,2025-07-04,V-021,EMP-009,EMP-014,6388.04,
INV-1546,2025-07-04,V-026,EMP-017,EMP-014,19008.69,
INV-1447,2025-07-05,V-005,EMP-016,EMP-019,12746.93,
INV-1276,2025-07-05,V-010,EMP-019,EMP-003,19993.82,
INV-1060,2025-07-06,V-009,EMP-013,EMP-017,1147.62,
INV-1308,2025-07-06,V-010,EMP-023,EMP-019,1192.06,
INV-1207,2025-07-06,V-002,EMP-009,EMP-019,945.74,
INV-1391,2025-07-07,V-008,EMP-008,EMP-010,18367.98,
INV-1681,2025-07-07,V-SPLIT,EMP-013,EMP-011,9219.78,"split PO - same job, separate invoice"
INV-1209,2025-07-07,V-011,EMP-006,EMP-017,18908.33,
INV-1594,2025-07-08,V-005,EMP-012,EMP-021,16718.68,
INV-1341,2025-07-08,V-021,EMP-005,EMP-019,16655.83,
INV-1362,2025-07-08,V-031,EMP-000,EMP-010,13363.41,
INV-1682,2025-07-08,V-SPLIT,EMP-013,EMP-011,9777.73,"split PO - same job, separate invoice"
INV-1478,2025-07-09,V-021,EMP-020,EMP-013,22145.09,
INV-1215,2025-07-10,V-016,EMP-018,EMP-003,19764.65,
INV-1351,2025-07-10,V-009,EMP-021,EMP-003,22779.44,
INV-1313,2025-07-10,V-008,EMP-008,EMP-014,15442.12,
INV-1249,2025-07-10,V-005,EMP-013,EMP-014,17908.45,
INV-1247,2025-07-11,V-020,EMP-013,EMP-003,16012.82,
INV-1518,2025-07-12,V-028,EMP-015,EMP-003,8636.1,
INV-1458,2025-07-13,V-026,EMP-011,EMP-018,10847.61,
INV-1270,2025-07-14,V-000,EMP-015,EMP-018,4340.32,
INV-1106,2025-07-14,V-008,EMP-014,EMP-017,1349.29,
INV-1416,2025-07-14,V-018,EMP-003,EMP-010,16287.44,
INV-1528,2025-07-14,V-015,EMP-018,EMP-021,4194.55,
INV-1107,2025-07-14,V-020,EMP-006,EMP-019,7945.27,
INV-1707,2025-07-15,V-RING3,EMP-021,EMP-014,12930.28,
INV-1194,2025-07-15,V-011,EMP-005,EMP-017,2033.4,
INV-1713,2025-07-16,V-RING3,EMP-014,EMP-021,5578.99,
INV-1175,2025-07-16,V-030,EMP-007,EMP-019,13297.67,
INV-1575,2025-07-16,V-022,EMP-000,EMP-019,3406.35,
INV-1199,2025-07-16,V-016,EMP-014,EMP-019,7355.6,
INV-1526,2025-07-17,V-005,EMP-019,EMP-021,18858.86,
INV-1340,2025-07-17,V-025,EMP-023,EMP-019,21487.1,
INV-1725,2025-07-18,V-RING4,EMP-014,EMP-021,14362.46,
INV-1354,2025-07-18,V-007,EMP-000,EMP-017,12052.2,
INV-1551,2025-07-20,V-014,EMP-016,EMP-003,10781.82,
INV-1538,2025-07-21,V-020,EMP-012,EMP-021,19623.39,
INV-1399,2025-07-21,V-008,EMP-010,EMP-021,7746.94,
INV-1045,2025-07-22,V-016,EMP-006,EMP-010,5842.66,
INV-1213,2025-07-22,V-025,EMP-017,EMP-003,2303.72,
INV-1267,2025-07-22,V-031,EMP-016,EMP-021,1233.2,
INV-1536,2025-07-23,V-012,EMP-015,EMP-010,4386.65,
INV-1226,2025-07-23,V-023,EMP-017,EMP-018,8704.37,
INV-1549,2025-07-24,V-002,EMP-018,EMP-010,16307.7,
INV-1627,2025-07-25,V-032,EMP-024,EMP-018,10252.27,
INV-1436,2025-07-25,V-025,EMP-013,EMP-010,7971.05,
INV-1699,2025-07-25,V-RING2,EMP-014,EMP-021,7566.39,
INV-1166,2025-07-26,V-016,EMP-010,EMP-014,23288.91,
INV-1131,2025-07-27,V-028,EMP-000,EMP-013,7167.52,
INV-1103,2025-07-27,V-001,EMP-012,EMP-010,16102.64,
INV-1503,2025-07-27,V-022,EMP-008,EMP-018,2034.61,
INV-1097,2025-07-28,V-009,EMP-022,EMP-003,1681.86,
INV-1683,2025-07-28,V-SPLIT,EMP-013,EMP-011,9236.76,"split PO - same job, separate invoice"
INV-1654,2025-07-29,V-GH1,EMP-007,EMP-011,8463.49,"single-source, no PO backup on file"
INV-1684,2025-07-29,V-SPLIT,EMP-013,EMP-011,9244.65,"split PO - same job, separate invoice"
INV-1064,2025-07-30,V-011,EMP-023,EMP-010,18809.92,
INV-1193,2025-07-30,V-023,EMP-013,EMP-017,5974.11,
INV-1245,2025-07-31,V-013,EMP-013,EMP-021,21330.97,
INV-1422,2025-07-31,V-014,EMP-020,EMP-003,1401.91,
INV-1208,2025-08-01,V-008,EMP-002,EMP-021,7942.25,
INV-1476,2025-08-02,V-009,EMP-014,EMP-013,13562.9,
INV-1274,2025-08-02,V-027,EMP-018,EMP-003,17071.55,
INV-1145,2025-08-02,V-005,EMP-007,EMP-013,13460.04,
INV-1327,2025-08-02,V-027,EMP-000,EMP-010,5887.46,
INV-1376,2025-08-02,V-016,EMP-020,EMP-003,18441.97,
INV-1402,2025-08-02,V-023,EMP-010,EMP-018,2764.07,
INV-1530,2025-08-04,V-009,EMP-002,EMP-017,10517.03,
INV-1007,2025-08-05,V-009,EMP-020,EMP-017,19041.09,
INV-1055,2025-08-05,V-031,EMP-008,EMP-014,2351.32,
INV-1028,2025-08-05,V-006,EMP-003,EMP-018,10430.57,
INV-1543,2025-08-05,V-019,EMP-007,EMP-021,15859.11,
INV-1198,2025-08-06,V-022,EMP-018,EMP-017,15388.69,
INV-1559,2025-08-07,V-033,EMP-005,EMP-017,8044.1,
INV-1057,2025-08-07,V-016,EMP-005,EMP-019,13307.58,
INV-1004,2025-08-08,V-015,EMP-023,EMP-021,17966.28,
INV-1105,2025-08-08,V-001,EMP-012,EMP-014,2152.15,
INV-1390,2025-08-09,V-030,EMP-009,EMP-014,20355.06,
INV-1121,2025-08-11,V-027,EMP-011,EMP-019,17019.31,
INV-1339,2025-08-12,V-021,EMP-008,EMP-013,19214.32,
INV-1515,2025-08-12,V-005,EMP-016,EMP-010,1430.66,
INV-1315,2025-08-12,V-017,EMP-014,EMP-010,3664.27,
INV-1277,2025-08-12,V-005,EMP-013,EMP-019,2674.84,
INV-1169,2025-08-13,V-013,EMP-008,EMP-017,22275.0,
INV-1406,2025-08-14,V-015,EMP-001,EMP-013,4700.21,
INV-1141,2025-08-14,V-006,EMP-000,EMP-021,11345.12,
INV-1184,2025-08-14,V-008,EMP-016,EMP-010,20892.35,
INV-1197,2025-08-15,V-018,EMP-021,EMP-010,3917.72,
INV-1146,2025-08-15,V-014,EMP-024,EMP-018,10894.77,
INV-1357,2025-08-16,V-004,EMP-014,EMP-017,21583.49,
INV-1703,2025-08-16,V-RING2,EMP-014,EMP-021,20244.93,
INV-1709,2025-08-17,V-RING3,EMP-014,EMP-021,8949.67,
INV-1309,2025-08-18,V-015,EMP-014,EMP-010,6945.53,
INV-1685,2025-08-18,V-SPLIT,EMP-013,EMP-011,9376.35,"split PO - same job, separate invoice"
INV-1366,2025-08-19,V-004,EMP-004,EMP-010,15469.78,
INV-1686,2025-08-19,V-SPLIT,EMP-013,EMP-011,9206.25,"split PO - same job, separate invoice"
INV-1687,2025-08-20,V-SPLIT,EMP-013,EMP-011,9415.29,"split PO - same job, separate invoice"
INV-1696,2025-08-20,V-RING1,EMP-014,EMP-021,21137.74,
INV-1287,2025-08-20,V-003,EMP-011,EMP-013,7553.23,
INV-1451,2025-08-21,V-031,EMP-002,EMP-019,19437.31,
INV-1261,2025-08-21,V-005,EMP-023,EMP-003,9122.24,
INV-1227,2025-08-21,V-017,EMP-006,EMP-013,22783.91,
INV-1036,2025-08-21,V-024,EMP-000,EMP-018,6475.09,
INV-1180,2025-08-22,V-021,EMP-017,EMP-019,13110.81,
INV-1601,2025-08-22,V-001,EMP-003,EMP-019,3917.91,
INV-1579,2025-08-23,V-014,EMP-017,EMP-003,4161.78,
INV-1433,2025-08-23,V-017,EMP-006,EMP-013,8036.82,
INV-1567,2025-08-23,V-025,EMP-018,EMP-014,8448.0,
INV-1600,2025-08-24,V-003,EMP-001,EMP-013,15084.38,
INV-1066,2025-08-24,V-024,EMP-001,EMP-019,5455.04,
INV-1705,2025-08-25,V-RING2,EMP-014,EMP-021,4768.53,
INV-1289,2025-08-25,V-005,EMP-019,EMP-021,12243.57,
INV-1540,2025-08-25,V-011,EMP-021,EMP-019,13269.86,
INV-1379,2025-08-26,V-003,EMP-005,EMP-019,10062.58,
INV-1461,2025-08-26,V-000,EMP-024,EMP-014,23487.0,
INV-1196,2025-08-27,V-016,EMP-014,EMP-003,16054.15,
INV-1080,2025-08-27,V-027,EMP-018,EMP-021,15764.73,
INV-1211,2025-08-28,V-030,EMP-009,EMP-010,19330.95,
INV-1008,2025-08-28,V-004,EMP-012,EMP-018,14361.94,
INV-1432,2025-08-28,V-033,EMP-015,EMP-017,20447.77,
INV-1329,2025-08-29,V-004,EMP-016,EMP-014,9462.32,
INV-1162,2025-08-29,V-027,EMP-020,EMP-019,23261.97,
INV-1310,2025-08-29,V-014,EMP-017,EMP-013,7530.81,
INV-1486,2025-08-29,V-029,EMP-003,EMP-019,23554.45,
INV-1721,2025-08-30,V-RING4,EMP-014,EMP-021,18555.77,
INV-1456,2025-08-30,V-034,EMP-001,EMP-013,23669.37,
INV-1445,2025-08-30,V-023,EMP-013,EMP-018,13249.24,
INV-1081,2025-08-31,V-028,EMP-014,EMP-018,5246.78,
INV-1112,2025-08-31,V-001,EMP-019,EMP-013,5839.3,
INV-1236,2025-09-01,V-026,EMP-016,EMP-013,17934.12,
INV-1084,2025-09-01,V-012,EMP-004,EMP-014,1252.2,
INV-1092,2025-09-01,V-027,EMP-017,EMP-021,21548.41,
INV-1424,2025-09-01,V-000,EMP-017,EMP-013,9854.74,
INV-1142,2025-09-02,V-021,EMP-005,EMP-014,6171.61,
INV-1544,2025-09-03,V-024,EMP-002,EMP-019,23778.21,
INV-1712,2025-09-03,V-RING3,EMP-021,EMP-014,19890.01,
INV-1364,2025-09-03,V-004,EMP-009,EMP-018,23990.34,
INV-1418,2025-09-03,V-005,EMP-011,EMP-019,15794.93,
INV-1174,2025-09-05,V-018,EMP-016,EMP-021,10059.44,
INV-1717,2025-09-06,V-RING3,EMP-021,EMP-014,13801.32,
INV-1102,2025-09-06,V-014,EMP-015,EMP-003,6659.51,
INV-1025,2025-09-06,V-004,EMP-016,EMP-003,6791.68,
INV-1034,2025-09-06,V-000,EMP-002,EMP-003,4116.52,
INV-1688,2025-09-08,V-SPLIT,EMP-013,EMP-011,9497.69,"split PO - same job, separate invoice"
INV-1014,2025-09-08,V-034,EMP-024,EMP-014,14434.83,
INV-1565,2025-09-08,V-029,EMP-003,EMP-017,16146.23,
INV-1129,2025-09-08,V-012,EMP-002,EMP-003,17323.78,
INV-1414,2025-09-08,V-018,EMP-022,EMP-003,16612.22,
INV-1140,2025-09-09,V-018,EMP-022,EMP-017,15363.19,
INV-1576,2025-09-09,V-032,EMP-020,EMP-019,9907.85,
INV-1689,2025-09-09,V-SPLIT,EMP-013,EMP-011,9507.75,"split PO - same job, separate invoice"
INV-1130,2025-09-09,V-015,EMP-022,EMP-019,15554.78,
INV-1529,2025-09-10,V-010,EMP-004,EMP-021,7331.98,
INV-1219,2025-09-10,V-008,EMP-001,EMP-014,7409.1,
INV-1597,2025-09-11,V-025,EMP-006,EMP-018,19822.62,
INV-1485,2025-09-12,V-022,EMP-009,EMP-021,8727.52,
INV-1325,2025-09-13,V-029,EMP-002,EMP-013,20105.0,
INV-1711,2025-09-13,V-RING3,EMP-014,EMP-021,15651.01,
INV-1173,2025-09-13,V-029,EMP-003,EMP-018,19996.61,
INV-1387,2025-09-16,V-031,EMP-000,EMP-013,22693.8,
INV-1054,2025-09-16,V-013,EMP-021,EMP-018,20491.97,
INV-1496,2025-09-16,V-014,EMP-002,EMP-017,368.02,
INV-1091,2025-09-16,V-020,EMP-024,EMP-019,14761.76,
INV-1393,2025-09-16,V-023,EMP-017,EMP-003,1903.73,
INV-1177,2025-09-17,V-004,EMP-008,EMP-018,8256.02,
INV-1360,2025-09-18,V-019,EMP-005,EMP-017,19079.66,
INV-1396,2025-09-18,V-023,EMP-024,EMP-017,4897.53,
INV-1400,2025-09-18,V-019,EMP-018,EMP-017,12249.46,
INV-1040,2025-09-18,V-030,EMP-016,EMP-017,1506.58,
INV-1072,2025-09-19,V-027,EMP-011,EMP-010,10557.99,
INV-1524,2025-09-20,V-011,EMP-013,EMP-021,13434.09,
INV-1398,2025-09-21,V-021,EMP-015,EMP-019,3702.23,
INV-1589,2025-09-21,V-018,EMP-018,EMP-017,22864.68,
INV-1381,2025-09-21,V-022,EMP-012,EMP-017,18291.86,
INV-1128,2025-09-22,V-021,EMP-008,EMP-021,13405.62,
INV-1370,2025-09-23,V-020,EMP-022,EMP-003,8402.65,
INV-1449,2025-09-24,V-032,EMP-006,EMP-017,4074.21,
INV-1635,2025-09-25,V-000,EMP-005,EMP-019,22879.44,
INV-1501,2025-09-26,V-027,EMP-005,EMP-013,22045.46,
INV-1421,2025-09-29,V-015,EMP-007,EMP-014,16125.54,
INV-1660,2025-09-29,V-GH2,EMP-007,EMP-011,8381.91,"single-source, no PO backup on file"
INV-1352,2025-09-29,V-028,EMP-024,EMP-013,13838.03,
INV-1132,2025-09-29,V-015,EMP-009,EMP-010,11437.26,
INV-1118,2025-09-30,V-007,EMP-018,EMP-019,1129.5,
INV-1498,2025-09-30,V-030,EMP-021,EMP-003,525.2,
INV-1017,2025-09-30,V-005,EMP-023,EMP-019,19612.15,
INV-1484,2025-10-01,V-020,EMP-024,EMP-021,9228.78,
INV-1104,2025-10-01,V-010,EMP-014,EMP-017,23540.22,
INV-1596,2025-10-01,V-029,EMP-020,EMP-010,20425.03,
INV-1069,2025-10-02,V-017,EMP-011,EMP-018,16356.51,
INV-1572,2025-10-03,V-024,EMP-013,EMP-017,11757.08,
INV-1122,2025-10-03,V-011,EMP-023,EMP-021,14839.51,
INV-1232,2025-10-04,V-000,EMP-008,EMP-017,23702.53,
INV-1033,2025-10-04,V-028,EMP-017,EMP-014,1356.53,
INV-1019,2025-10-04,V-016,EMP-016,EMP-018,23150.06,
INV-1095,2025-10-04,V-018,EMP-007,EMP-021,8159.96,
INV-1305,2025-10-04,V-004,EMP-009,EMP-013,12258.4,
INV-1655,2025-10-05,V-GH1,EMP-007,EMP-011,8241.84,"single-source, no PO backup on file"
INV-1493,2025-10-05,V-010,EMP-004,EMP-019,4539.54,
INV-1153,2025-10-06,V-016,EMP-020,EMP-003,10289.56,
INV-1715,2025-10-06,V-RING3,EMP-014,EMP-021,15353.58,
INV-1431,2025-10-06,V-021,EMP-009,EMP-019,23740.02,
INV-1101,2025-10-07,V-024,EMP-013,EMP-010,17978.25,
INV-1539,2025-10-07,V-023,EMP-003,EMP-010,4915.23,
INV-1652,2025-10-07,V-GH1,EMP-007,EMP-011,9481.81,"single-source, no PO backup on file"
INV-1448,2025-10-08,V-004,EMP-018,EMP-014,1622.93,
INV-1598,2025-10-08,V-017,EMP-010,EMP-019,6913.69,
INV-1322,2025-10-08,V-001,EMP-008,EMP-003,20063.87,
INV-1490,2025-10-09,V-024,EMP-018,EMP-019,6010.66,
INV-1371,2025-10-10,V-018,EMP-002,EMP-021,4831.8,
INV-1367,2025-10-10,V-029,EMP-021,EMP-010,8366.68,
INV-1506,2025-10-10,V-002,EMP-002,EMP-018,9195.45,
INV-1488,2025-10-11,V-014,EMP-023,EMP-017,536.84,
INV-1648,2025-10-11,V-029,EMP-009,EMP-021,7956.13,
INV-1022,2025-10-11,V-014,EMP-002,EMP-010,651.67,
INV-1525,2025-10-11,V-026,EMP-003,EMP-014,2287.41,
INV-1052,2025-10-11,V-008,EMP-008,EMP-013,21369.65,
INV-1037,2025-10-12,V-018,EMP-013,EMP-018,22982.03,
INV-1090,2025-10-14,V-029,EMP-004,EMP-019,16071.73,
INV-1250,2025-10-15,V-008,EMP-017,EMP-014,14137.19,
INV-1047,2025-10-16,V-004,EMP-000,EMP-019,14964.65,
INV-1374,2025-10-16,V-009,EMP-005,EMP-010,20244.34,
INV-1649,2025-10-16,V-029,EMP-000,EMP-010,4936.01,
INV-1283,2025-10-16,V-004,EMP-005,EMP-019,11215.28,
INV-1508,2025-10-17,V-031,EMP-013,EMP-018,18857.38,
INV-1042,2025-10-19,V-015,EMP-012,EMP-013,22607.07,
INV-1623,2025-10-19,V-023,EMP-010,EMP-013,9376.09,
INV-1125,2025-10-19,V-017,EMP-014,EMP-017,18048.86,
INV-1026,2025-10-20,V-013,EMP-017,EMP-013,17401.96,
INV-1706,2025-10-21,V-RING2,EMP-014,EMP-021,7023.81,
INV-1365,2025-10-22,V-033,EMP-013,EMP-019,9914.99,
INV-1085,2025-10-22,V-004,EMP-014,EMP-021,21284.37,
INV-1571,2025-10-22,V-032,EMP-012,EMP-018,14374.76,
INV-1099,2025-10-22,V-026,EMP-012,EMP-014,20583.06,
INV-1159,2025-10-22,V-001,EMP-002,EMP-003,23091.58,
INV-1592,2025-10-23,V-020,EMP-007,EMP-018,11823.59,
INV-1143,2025-10-23,V-007,EMP-002,EMP-018,11878.16,
INV-1454,2025-10-24,V-025,EMP-008,EMP-014,17937.44,
INV-1373,2025-10-25,V-032,EMP-020,EMP-017,14264.63,
INV-1059,2025-10-26,V-009,EMP-017,EMP-014,20055.09,
INV-1450,2025-10-26,V-028,EMP-003,EMP-018,5048.83,
INV-1039,2025-10-27,V-034,EMP-001,EMP-010,1513.39,
INV-1178,2025-10-28,V-017,EMP-000,EMP-021,17466.32,
INV-1420,2025-10-28,V-017,EMP-004,EMP-013,14833.9,
INV-1616,2025-10-29,V-005,EMP-003,EMP-013,18095.83,
INV-1650,2025-10-30,V-019,EMP-023,EMP-003,11214.65,
INV-1607,2025-10-31,V-000,EMP-006,EMP-019,2008.84,
INV-1123,2025-10-31,V-030,EMP-014,EMP-021,19843.77,
INV-1155,2025-11-01,V-004,EMP-001,EMP-017,19054.19,
INV-1231,2025-11-02,V-021,EMP-024,EMP-017,18959.15,
INV-1228,2025-11-02,V-005,EMP-021,EMP-013,15454.65,
INV-1071,2025-11-02,V-011,EMP-018,EMP-017,1062.43,
INV-1587,2025-11-02,V-003,EMP-018,EMP-017,12844.9,
INV-1157,2025-11-03,V-025,EMP-008,EMP-019,10590.55,
INV-1252,2025-11-04,V-027,EMP-023,EMP-014,23246.31,
INV-1618,2025-11-04,V-015,EMP-008,EMP-013,6068.78,
INV-1243,2025-11-06,V-020,EMP-012,EMP-021,10971.11,
INV-1444,2025-11-07,V-030,EMP-004,EMP-019,17983.48,
INV-1170,2025-11-08,V-031,EMP-003,EMP-014,23359.55,
INV-1585,2025-11-09,V-013,EMP-023,EMP-010,20686.01,
INV-1566,2025-11-09,V-033,EMP-020,EMP-010,14387.75,
INV-1516,2025-11-11,V-014,EMP-002,EMP-010,14583.27,
INV-1568,2025-11-11,V-011,EMP-021,EMP-018,19244.63,
INV-1223,2025-11-12,V-026,EMP-020,EMP-013,20033.58,
INV-1263,2025-11-13,V-005,EMP-001,EMP-017,3904.23,
INV-1306,2025-11-13,V-033,EMP-001,EMP-010,21051.97,
INV-1519,2025-11-13,V-027,EMP-005,EMP-018,2193.8,
INV-1147,2025-11-14,V-019,EMP-018,EMP-003,7433.32,
INV-1710,2025-11-14,V-RING3,EMP-014,EMP-021,4623.69,
INV-1216,2025-11-14,V-006,EMP-021,EMP-013,11394.72,
INV-1256,2025-11-15,V-014,EMP-013,EMP-019,13529.03,
INV-1284,2025-11-16,V-028,EMP-021,EMP-010,15485.36,
INV-1394,2025-11-16,V-028,EMP-024,EMP-021,19833.67,
INV-1626,2025-11-18,V-002,EMP-001,EMP-018,12232.66,
INV-1495,2025-11-19,V-003,EMP-024,EMP-014,9985.55,
INV-1542,2025-11-21,V-004,EMP-013,EMP-018,12058.38,
INV-1217,2025-11-22,V-020,EMP-019,EMP-013,15596.51,
INV-1204,2025-11-22,V-014,EMP-019,EMP-018,8552.85,
INV-1195,2025-11-23,V-015,EMP-015,EMP-017,5687.69,
INV-1347,2025-11-23,V-027,EMP-008,EMP-014,1939.73,
INV-1324,2025-11-24,V-019,EMP-003,EMP-014,5836.78,
INV-1375,2025-11-25,V-002,EMP-000,EMP-013,1234.26,
INV-1491,2025-11-25,V-021,EMP-008,EMP-019,23201.22,
INV-1714,2025-11-26,V-RING3,EMP-014,EMP-021,11546.23,
INV-1349,2025-11-27,V-028,EMP-001,EMP-017,1753.52,
INV-1206,2025-11-27,V-008,EMP-020,EMP-013,21696.18,
INV-1700,2025-11-27,V-RING2,EMP-021,EMP-014,16353.13,
INV-1119,2025-11-28,V-027,EMP-021,EMP-017,1794.62,
INV-1337,2025-11-28,V-032,EMP-012,EMP-019,6191.53,
INV-1548,2025-11-28,V-015,EMP-021,EMP-018,8616.96,
INV-1604,2025-11-29,V-016,EMP-002,EMP-010,15998.54,
INV-1630,2025-11-29,V-034,EMP-010,EMP-003,14136.53,
INV-1534,2025-11-30,V-024,EMP-010,EMP-003,8133.46,
INV-1110,2025-11-30,V-014,EMP-020,EMP-013,18782.41,
INV-1050,2025-12-01,V-028,EMP-017,EMP-018,7365.03,
INV-1505,2025-12-01,V-019,EMP-021,EMP-019,20371.63,
INV-1389,2025-12-01,V-003,EMP-009,EMP-019,14400.82,
INV-1282,2025-12-02,V-016,EMP-006,EMP-017,14517.22,
INV-1244,2025-12-02,V-027,EMP-003,EMP-019,16887.44,
INV-1002,2025-12-02,V-013,EMP-018,EMP-010,7655.07,
INV-1658,2025-12-03,V-GH2,EMP-007,EMP-011,8202.56,"single-source, no PO backup on file"
INV-1331,2025-12-03,V-001,EMP-011,EMP-013,8373.54,
INV-1723,2025-12-03,V-RING4,EMP-014,EMP-021,5802.42,
INV-1297,2025-12-03,V-024,EMP-009,EMP-021,17411.05,
INV-1201,2025-12-04,V-018,EMP-022,EMP-021,673.26,
INV-1205,2025-12-04,V-012,EMP-019,EMP-017,16314.68,
INV-1619,2025-12-04,V-018,EMP-024,EMP-014,20372.23,
INV-1067,2025-12-04,V-022,EMP-009,EMP-003,5466.73,
INV-1470,2025-12-05,V-020,EMP-007,EMP-021,21048.76,
INV-1264,2025-12-05,V-003,EMP-021,EMP-014,6639.65,
INV-1082,2025-12-06,V-010,EMP-021,EMP-014,6918.31,
INV-1409,2025-12-06,V-008,EMP-016,EMP-003,13527.15,
INV-1251,2025-12-07,V-021,EMP-021,EMP-014,9947.79,
INV-1497,2025-12-08,V-029,EMP-011,EMP-014,14885.37,
INV-1633,2025-12-08,V-029,EMP-019,EMP-021,1462.43,
INV-1358,2025-12-08,V-005,EMP-021,EMP-019,23679.81,
INV-1061,2025-12-08,V-002,EMP-011,EMP-003,16417.29,
INV-1271,2025-12-09,V-034,EMP-022,EMP-003,12081.26,
INV-1020,2025-12-10,V-012,EMP-022,EMP-021,9665.97,
INV-1469,2025-12-11,V-014,EMP-023,EMP-010,13922.77,
INV-1029,2025-12-11,V-026,EMP-014,EMP-019,17538.46,
INV-1214,2025-12-11,V-000,EMP-008,EMP-013,10996.65,
INV-1041,2025-12-12,V-005,EMP-005,EMP-013,14341.59,
INV-1212,2025-12-12,V-004,EMP-004,EMP-003,20664.35,
INV-1612,2025-12-13,V-024,EMP-024,EMP-017,15451.59,
INV-1411,2025-12-13,V-029,EMP-017,EMP-003,13178.62,
INV-1405,2025-12-15,V-033,EMP-020,EMP-018,3674.45,
INV-1510,2025-12-17,V-030,EMP-008,EMP-014,22191.2,
INV-1333,2025-12-17,V-034,EMP-010,EMP-019,15480.68,
INV-1117,2025-12-17,V-015,EMP-003,EMP-018,18573.67,
INV-1301,2025-12-17,V-008,EMP-021,EMP-018,19920.67,
INV-1690,2025-12-18,V-RING1,EMP-014,EMP-021,6837.08,
INV-1202,2025-12-18,V-025,EMP-008,EMP-014,13647.41,
INV-1150,2025-12-19,V-004,EMP-005,EMP-014,9893.14,
INV-1058,2025-12-20,V-000,EMP-003,EMP-014,22689.46,
INV-1116,2025-12-20,V-024,EMP-012,EMP-003,1962.52,
INV-1135,2025-12-20,V-012,EMP-010,EMP-014,17867.71,
INV-1545,2025-12-21,V-025,EMP-017,EMP-010,22175.37,
INV-1541,2025-12-21,V-013,EMP-014,EMP-019,7098.25,
INV-1509,2025-12-21,V-006,EMP-016,EMP-014,5629.93,
INV-1535,2025-12-22,V-008,EMP-009,EMP-010,14536.59,
INV-1096,2025-12-22,V-005,EMP-004,EMP-017,5665.59,
INV-1656,2025-12-22,V-GH2,EMP-007,EMP-011,9312.9,"single-source, no PO backup on file"
INV-1088,2025-12-23,V-027,EMP-007,EMP-017,19328.02,
INV-1608,2025-12-23,V-014,EMP-016,EMP-019,371.49,
INV-1221,2025-12-23,V-024,EMP-014,EMP-003,16141.1,
INV-1419,2025-12-23,V-013,EMP-006,EMP-021,22402.62,
INV-1691,2025-12-23,V-RING1,EMP-021,EMP-014,18874.96,
INV-1500,2025-12-24,V-034,EMP-009,EMP-014,12127.85,
INV-1605,2025-12-25,V-010,EMP-001,EMP-018,15070.66,
INV-1634,2025-12-26,V-011,EMP-003,EMP-014,17033.43,
INV-1441,2025-12-27,V-025,EMP-021,EMP-010,22166.08,
INV-1562,2025-12-27,V-028,EMP-018,EMP-003,9423.73,
INV-1182,2025-12-28,V-026,EMP-001,EMP-010,17911.22,
INV-1151,2025-12-28,V-030,EMP-009,EMP-014,5670.71,
INV-1293,2025-12-29,V-005,EMP-016,EMP-017,1083.54,
INV-1023,2025-12-29,V-014,EMP-018,EMP-013,321.5,
INV-1073,2025-12-29,V-007,EMP-012,EMP-003,6225.13,
INV-1299,2025-12-29,V-022,EMP-009,EMP-018,3225.5,
INV-1591,2025-12-31,V-008,EMP-022,EMP-017,6104.8,
INV-1512,2025-12-31,V-020,EMP-000,EMP-003,14150.81,
