vendor_id,vendor_name,address,bank_account,phone,tax_id,category
V-000,"Ellis, Baker and Wright","969 Cox Dam Suite 101, Lake Ernest, TX 55834",GB05TCMM97848018451462,704.482.8148x932,HX-8809570,Raw Materials
V-001,Allen-Allen,"71822 Arroyo Expressway, Allisonchester, IL 71187",GB92YXWG46578713315098,793.301.0310,UK-8347382,Marketing Services
V-002,"Kennedy, Mueller and Aguirre","656 Owens Stream, Lake Deniseville, AR 53273",GB16XKZD33387262473178,908-501-3267,YY-6026064,Logistics
V-003,Mitchell-Horton,"34309 Julie Centers Apt. 978, North Susan, CO 24857",GB74CTCV36193990916998,343-353-4624x75107,PX-8384251,Raw Materials
V-004,Moore-Bass,"841 Joseph Coves, West Juan, IL 94559",GB84KGVU48740164005242,001-478-868-0112x8059,RP-2045053,Consulting
V-005,"Garcia, Deleon and Henson","22602 Patton Loop, West Erik, UT 14669",GB75MBPH37543303654145,+1-886-785-0142x9401,MQ-5698169,Logistics
V-006,Fletcher Inc,"6159 Alvarado Crossing, Williamchester, MD 53244",GB13WJRE36629946804436,001-495-377-7387,OZ-4895134,IT Equipment
V-007,Hernandez Inc,"176 Jennifer Lights Suite 632, Port Michelleville, WI 56225",GB46HFZW87083172788957,+1-986-587-2774x348,UI-4714345,Marketing Services
V-008,Taylor and Sons,"316 Rivera Mountain, Brownchester, MS 77057",GB21WAYS67054668893734,(270)365-6272x98069,UN-6272046,Office Supplies
V-009,Murphy-Juarez,"1708 Zoe Keys Apt. 100, East Mary, RI 20474",GB23HEPV19374529912419,3496663193,QX-9190586,Office Supplies
V-010,Hunter LLC,"1657 Ryan Street Suite 987, Grahamshire, KY 42746",GB16HCIO37996507527354,949-948-0831x36783,TQ-7014363,Marketing Services
V-011,"Wood, Tran and Cooper","Unit 8557 Box 4443, DPO AE 95041",GB81GKDX82337498941343,(924)308-2400x842,LD-0947775,IT Equipment
V-012,Everett-Woods,"1902 Lisa Hollow Apt. 318, Obrienbury, WI 68995",GB31MOOJ96499091334123,(681)220-6797,YY-3447134,Raw Materials
V-013,"Lawrence, Lara and Gonzalez","242 Brian Turnpike, Brookeshire, PW 38329",GB26ODOW46488771906594,4139990490,FE-8742967,Consulting
V-014,Ortiz-Morris,"6746 Shawn Island, Marcusfurt, VI 67950",GB44AVRO60385977034824,371.509.3248x086,TR-1712748,Office Supplies
V-015,Davenport-Baird,"3982 Joshua Turnpike, Morganhaven, KY 00837",GB32JXJS97278755886753,001-939-263-6057x662,HD-2895171,Raw Materials
V-016,Bowen Group,"74596 Melissa Walk, Finleyfort, VI 71413",GB06BTCH43161172400504,(856)523-8692x221,QQ-7923747,IT Equipment
V-017,Nolan Group,"PSC 8217, Box 5946, APO AP 33281",GB46OJGM71369594406409,+1-209-674-3953x39421,UV-7095214,Raw Materials
V-018,Thompson-Anderson,"842 Sloan Orchard Suite 517, East Karenbury, VI 89148",GB59XVMZ85160481754965,337-909-8593,FH-4612004,Office Supplies
V-019,Young PLC,"8692 Pena Village Suite 964, Lake Mitchellmouth, NV 31448",GB42LDVL85064317139005,529.731.8393,QZ-2904228,Facilities
V-020,Rodriguez Inc,"95024 David Manor Apt. 177, Williamville, NV 66540",GB92HTBX84700766177115,+1-621-924-9985x698,BC-8961183,Consulting
V-021,Gutierrez Group,"6545 Gloria Mountains, North Marieland, NE 13157",GB95XXLZ28098851656049,351-698-3273x1585,BM-9368998,Facilities
V-022,"Gallegos, Adams and White","5022 Jones Streets Apt. 183, Barnesmouth, GA 49004",GB67JXKY99102290147679,664.238.1561x497,NX-3690034,Marketing Services
V-023,Duran LLC,"6226 Vincent Village, Charleston, NE 02957",GB70OCKS69664160529751,(313)369-6816x45352,GJ-8835523,Raw Materials
V-024,Gonzalez-Morrison,"77997 Lin Road, Edwardland, NJ 58462",GB19UJZI90581477005411,+1-998-467-9807x935,CP-0715182,Consulting
V-025,"Kim, Gonzales and Mills","6659 Kristina Rue Suite 151, Mitchellberg, MA 11183",GB29SVEL46291486528168,(305)642-3573x322,IM-1888059,IT Equipment
V-026,Moore-White,"706 Rhodes Freeway, Bishopmouth, IN 70494",GB14HJZZ73597746886239,(640)375-8181,OC-2478261,Consulting
V-027,Arias-Perry,"61530 Galvan Villages Suite 220, Samanthafort, UT 18692",GB74YWPO90104328986143,510-436-9711x7980,AL-4609539,Consulting
V-028,"Barnett, Mills and Ward","USS Myers, FPO AA 06207",GB52UMLI05153195205852,001-677-822-1704x30305,XD-8740345,IT Equipment
V-029,"Rivera, Martinez and Richardson","5277 Glass Path Suite 161, Morrisonburgh, ND 39005",GB73KDCK44796275705964,+1-301-565-8202x9702,RC-5569092,Marketing Services
V-030,Watson-Hines,"5431 Jill Parks Suite 814, Janeborough, RI 37932",GB35WPGD21727155188442,001-725-983-1323x705,TU-8291146,Consulting
V-031,Fox-Hammond,"51778 Anderson Village, Port Tammy, NE 66412",GB92BDQE42253584143842,+1-749-281-8299x2299,AN-0109439,Marketing Services
V-032,"Johnson, Small and Gardner","3647 Haley Estate Suite 677, West Catherine, MD 94658",GB95KXLM25881537147321,7465963259,BF-2787747,Marketing Services
V-033,Wagner-Levy,"04797 Herrera Vista Apt. 624, Kathrynstad, AZ 53006",GB63BSRG58416878499121,(255)485-2398x6800,IU-5787298,Marketing Services
V-034,"Flores, Long and Jensen","887 Wells Brook Suite 516, Lauratown, PA 62706",GB95IUZY99309728962309,001-913-207-5626x368,YU-2838578,Office Supplies
V-GH1,Health Services Inc,"USCGC Barr, FPO AA 72102",GB68VYXV49733484344375,555-0142,,Consulting
V-GH2,Media Services Inc,"PO Box 3803, Annview",GB19JDSV86652404157473,555-0142,,Consulting
V-GH3,Defense Services Inc,"PO Box 5010, Sarahview",GB98EDTX93308330165712,6822677345,,Consulting
V-SPLIT,Summit Facilities Maintenance LLC,"PSC 1938, Box 0262, APO AE 52535",GB60ZPFX40049915478872,574.431.5274x20549,QG-9668516,Facilities
V-RING1,Gill Distribution LLC,"5304 Young Terrace, Stephanieport, OR 95250",GB62SAIU53017426841459,932.572.7956,KH-9187851,Logistics
V-RING2,Brown Cargo LLC,"822 Bond Mills, Lake Jamieshire, NM 12420",GB62SAIU53017426841459,932.572.7956,DK-8707286,Logistics
V-RING3,Brown Distribution Group,"5304 Young Terrace, Stephanieport, OR 95250",GB62SAIU53017426841459,932.572.7956,LE-7406403,Logistics
V-RING4,Williams Freight Inc,"017 Justin Falls, Port Darlene, VA 85157",GB62SAIU53017426841459,(456)576-6182x51286,YO-0047868,Logistics
